stdr_de,stn_name,bplc_code,dcwtrh_no,la,lo,rch_id,rch_did,rch_sn,rch_div,geo_trib,inode_id,inode_did,onode_id,onode_did,lu_rch_id,lu_rch_did,ru_rch_id,ru_rch_did,di_rch_id,di_rch_did,ld_rch_id,ld_rch_did,rd_rch_id,rd_rch_did,cat_id,cat_did,ph_value,cod_value,bod_value,ss_value,tn_value,tp_value,flw_value,og_flw_value,tmp_value,lpump_value,rpump_value,fuloc_value,ph_flag,cod_flag,bod_flag,ss_flag,tn_flag,tp_flag,flw_flag,og_flw_flag,tmp_flag,lpump_flag,rpump_flag,fuloc_flag
2019-01-01 12:00,상주하수,47A0011,1,36.4229,128.187579,20060203,2006020300,,,,20060203,2006020300,20060301,2006030100,20060202,2006020200,20060201,2006020100,20060107,2006010700,20060301,2006030100, , ,20060203,2006020300,6.5,6.5,,2.8,6.721,0.037,812.9,,4.1,0,0,,,,,,,,,,,,,
2019-01-02 12:00,상주하수,47A0011,1,36.4229,128.187579,20060203,2006020300,,,,20060203,2006020300,20060301,2006030100,20060202,2006020200,20060201,2006020100,20060107,2006010700,20060301,2006030100, , ,20060203,2006020300,6.5,6.8,,2.8,6.985,0.042,800.4,,4.1,0,0,,,,,,,,,,,,,
2019-01-03 12:00,상주하수,47A0011,1,36.4229,128.187579,20060203,2006020300,,,,20060203,2006020300,20060301,2006030100,20060202,2006020200,20060201,2006020100,20060107,2006010700,20060301,2006030100, , ,20060203,2006020300,6.5,8.2,,2.7,6.048,0.03,781.7,,4.1,0,0,,,,,,,,,,,,,
2019-01-04 12:00,상주하수,47A0011,1,36.4229,128.187579,20060203,2006020300,,,,20060203,2006020300,20060301,2006030100,20060202,2006020200,20060201,2006020100,20060107,2006010700,20060301,2006030100, , ,20060203,2006020300,6.5,7.3,,2.7,7.085,0.028,761.7,,4.1,0,0,,,,,,,,,,,,,
2019-01-05 12:00,상주하수,47A0011,1,36.4229,128.187579,20060203,2006020300,,,,20060203,2006020300,20060301,2006030100,20060202,2006020200,20060201,2006020100,20060107,2006010700,20060301,2006030100, , ,20060203,2006020300,6.5,7.5,,3.1,6.971,0.03,775.8,,4.1,0,0,,,,,,,,,,,,,
2019-01-06 12:00,상주하수,47A0011,1,36.4229,128.187579,20060203,2006020300,,,,20060203,2006020300,20060301,2006030100,20060202,2006020200,20060201,2006020100,20060107,2006010700,20060301,2006030100, , ,20060203,2006020300,6.6,7.3,,2.9,6.474,0.029,747.9,,4.1,0,0,,,,,,,,,,,,,
2019-01-07 12:00,상주하수,47A0011,1,36.4229,128.187579,20060203,2006020300,,,,20060203,2006020300,20060301,2006030100,20060202,2006020200,20060201,2006020100,20060107,2006010700,20060301,2006030100, , ,20060203,2006020300,6.6,7.5,,2.8,6.423,0.027,767.1,,4.1,0,0,,,,,,,,,,,,,
2019-01-08 12:00,상주하수,47A0011,1,36.4229,128.187579,20060203,2006020300,,,,20060203,2006020300,20060301,2006030100,20060202,2006020200,20060201,2006020100,20060107,2006010700,20060301,2006030100, , ,20060203,2006020300,6.5,7.4,,2.7,7.004,0.025,760.8,,4.1,0,0,,,,,,,,,,,,,
2019-01-09 12:00,상주하수,47A0011,1,36.4229,128.187579,20060203,2006020300,,,,20060203,2006020300,20060301,2006030100,20060202,2006020200,20060201,2006020100,20060107,2006010700,20060301,2006030100, , ,20060203,2006020300,6.5,7.7,,2.7,7.011,0.028,737.9,,4.1,0,0,,,,,,,,,,,,,
2019-01-10 12:00,상주하수,47A0011,1,36.4229,128.187579,20060203,2006020300,,,,20060203,2006020300,20060301,2006030100,20060202,2006020200,20060201,2006020100,20060107,2006010700,20060301,2006030100, , ,20060203,2006020300,6.5,6.3,,2.8,6.765,0.025,737.5,,4.1,0,0,,,,,,,,,,,,,
2019-01-11 12:00,상주하수,47A0011,1,36.4229,128.187579,20060203,2006020300,,,,20060203,2006020300,20060301,2006030100,20060202,2006020200,20060201,2006020100,20060107,2006010700,20060301,2006030100, , ,20060203,2006020300,6.5,6.4,,3,7.079,0.021,731.7,,4.1,0,0,,,,,,,,,,,,,
2019-01-12 12:00,상주하수,47A0011,1,36.4229,128.187579,20060203,2006020300,,,,20060203,2006020300,20060301,2006030100,20060202,2006020200,20060201,2006020100,20060107,2006010700,20060301,2006030100, , ,20060203,2006020300,6.6,6.4,,3.1,6.84,0.022,737.9,,4.1,0,0,,,,,,,,,,,,,
2019-01-13 12:00,상주하수,47A0011,1,36.4229,128.187579,20060203,2006020300,,,,20060203,2006020300,20060301,2006030100,20060202,2006020200,20060201,2006020100,20060107,2006010700,20060301,2006030100, , ,20060203,2006020300,6.6,6.5,,2.9,6.55,0.019,720.8,,4.1,0,0,,,,,,,,,,,,,
2019-01-14 12:00,상주하수,47A0011,1,36.4229,128.187579,20060203,2006020300,,,,20060203,2006020300,20060301,2006030100,20060202,2006020200,20060201,2006020100,20060107,2006010700,20060301,2006030100, , ,20060203,2006020300,6.6,6.5,,2.9,6.607,0.018,723.3,,4.1,0,0,,,,,,,,,,,,,
2019-01-15 12:00,상주하수,47A0011,1,36.4229,128.187579,20060203,2006020300,,,,20060203,2006020300,20060301,2006030100,20060202,2006020200,20060201,2006020100,20060107,2006010700,20060301,2006030100, , ,20060203,2006020300,6.6,6.9,,3,6.695,0.021,730.8,,4.1,0,0,,,,,,,,,,,,,
2019-01-16 12:00,상주하수,47A0011,1,36.4229,128.187579,20060203,2006020300,,,,20060203,2006020300,20060301,2006030100,20060202,2006020200,20060201,2006020100,20060107,2006010700,20060301,2006030100, , ,20060203,2006020300,6.6,7,,3.1,4.414,0.028,730.8,,4.1,0,0,,,,,,,,,,,,,
2019-01-17 12:00,상주하수,47A0011,1,36.4229,128.187579,20060203,2006020300,,,,20060203,2006020300,20060301,2006030100,20060202,2006020200,20060201,2006020100,20060107,2006010700,20060301,2006030100, , ,20060203,2006020300,6.6,7.1,,3.1,4.419,0.027,718.3,,4.1,0,0,,,,,,,,,,,,,
2019-01-18 12:00,상주하수,47A0011,1,36.4229,128.187579,20060203,2006020300,,,,20060203,2006020300,20060301,2006030100,20060202,2006020200,20060201,2006020100,20060107,2006010700,20060301,2006030100, , ,20060203,2006020300,6.6,7.3,,3,5.67,0.026,707.1,,4.1,0,0,,,,,,,,,,,,,
2019-01-19 12:00,상주하수,47A0011,1,36.4229,128.187579,20060203,2006020300,,,,20060203,2006020300,20060301,2006030100,20060202,2006020200,20060201,2006020100,20060107,2006010700,20060301,2006030100, , ,20060203,2006020300,6.6,7.5,,3.1,6.165,0.026,730.8,,4.1,0,0,,,,,,,,,,,,,
2019-01-20 12:00,상주하수,47A0011,1,36.4229,128.187579,20060203,2006020300,,,,20060203,2006020300,20060301,2006030100,20060202,2006020200,20060201,2006020100,20060107,2006010700,20060301,2006030100, , ,20060203,2006020300,6.6,7.5,,3.1,5.607,0.026,715,,4.1,0,0,,,,,,,,,,,,,
2019-01-21 12:00,상주하수,47A0011,1,36.4229,128.187579,20060203,2006020300,,,,20060203,2006020300,20060301,2006030100,20060202,2006020200,20060201,2006020100,20060107,2006010700,20060301,2006030100, , ,20060203,2006020300,6.6,7.7,,3.1,5.958,0.026,723.3,,4.1,0,0,,,,,,,,,,,,,
2019-01-22 12:00,상주하수,47A0011,1,36.4229,128.187579,20060203,2006020300,,,,20060203,2006020300,20060301,2006030100,20060202,2006020200,20060201,2006020100,20060107,2006010700,20060301,2006030100, , ,20060203,2006020300,6.6,7.8,,3.1,5.927,0.025,693.8,,4.1,0,0,,,,,,,,,,,,,
2019-01-23 12:00,상주하수,47A0011,1,36.4229,128.187579,20060203,2006020300,,,,20060203,2006020300,20060301,2006030100,20060202,2006020200,20060201,2006020100,20060107,2006010700,20060301,2006030100, , ,20060203,2006020300,6.6,8.2,,3.1,5.659,0.024,700.8,,4.1,0,0,,,,,,,,,,,,,
2019-01-24 12:00,상주하수,47A0011,1,36.4229,128.187579,20060203,2006020300,,,,20060203,2006020300,20060301,2006030100,20060202,2006020200,20060201,2006020100,20060107,2006010700,20060301,2006030100, , ,20060203,2006020300,6.6,7.9,,3.1,5.685,0.024,695.8,,4.1,0,0,,,,,,,,,,,,,
2019-01-25 12:00,상주하수,47A0011,1,36.4229,128.187579,20060203,2006020300,,,,20060203,2006020300,20060301,2006030100,20060202,2006020200,20060201,2006020100,20060107,2006010700,20060301,2006030100, , ,20060203,2006020300,6.6,7.6,,3.1,5.652,0.025,692.5,,4.1,0,0,,,,,,,,,,,,,
2019-01-26 12:00,상주하수,47A0011,1,36.4229,128.187579,20060203,2006020300,,,,20060203,2006020300,20060301,2006030100,20060202,2006020200,20060201,2006020100,20060107,2006010700,20060301,2006030100, , ,20060203,2006020300,6.6,7.8,,3,5.713,0.026,687.9,,4.1,0,0,,,,,,,,,,,,,
2019-01-27 12:00,상주하수,47A0011,1,36.4229,128.187579,20060203,2006020300,,,,20060203,2006020300,20060301,2006030100,20060202,2006020200,20060201,2006020100,20060107,2006010700,20060301,2006030100, , ,20060203,2006020300,6.6,8.1,,3.1,5.51,0.025,689.6,,4.1,0,0,,,,,,,,,,,,,
2019-01-28 12:00,상주하수,47A0011,1,36.4229,128.187579,20060203,2006020300,,,,20060203,2006020300,20060301,2006030100,20060202,2006020200,20060201,2006020100,20060107,2006010700,20060301,2006030100, , ,20060203,2006020300,6.6,8,,3.1,5.17,0.025,677.5,,4.1,0,0,,,,,,,,,,,,,
2019-01-29 12:00,상주하수,47A0011,1,36.4229,128.187579,20060203,2006020300,,,,20060203,2006020300,20060301,2006030100,20060202,2006020200,20060201,2006020100,20060107,2006010700,20060301,2006030100, , ,20060203,2006020300,6.6,8.8,,3.1,4.825,0.031,646.3,,4.1,0,0,,,,,,,,,,,,,
2019-01-30 12:00,상주하수,47A0011,1,36.4229,128.187579,20060203,2006020300,,,,20060203,2006020300,20060301,2006030100,20060202,2006020200,20060201,2006020100,20060107,2006010700,20060301,2006030100, , ,20060203,2006020300,6.6,12.3,,3,4.656,0.033,746.3,,4.1,0,0,,,,,,,,,,,,,
2019-01-31 12:00,상주하수,47A0011,1,36.4229,128.187579,20060203,2006020300,,,,20060203,2006020300,20060301,2006030100,20060202,2006020200,20060201,2006020100,20060107,2006010700,20060301,2006030100, , ,20060203,2006020300,6.7,13.6,,3,5.55,0.027,738.8,,4.1,0,0,,,,,,,,,,,,,
2019-02-01 12:00,상주하수,47A0011,1,36.4229,128.187579,20060203,2006020300,,,,20060203,2006020300,20060301,2006030100,20060202,2006020200,20060201,2006020100,20060107,2006010700,20060301,2006030100, , ,20060203,2006020300,6.7,8.9,,3,5.259,0.028,730.4,,4.1,0,0,,,,,,,,,,,,,
2019-02-02 12:00,상주하수,47A0011,1,36.4229,128.187579,20060203,2006020300,,,,20060203,2006020300,20060301,2006030100,20060202,2006020200,20060201,2006020100,20060107,2006010700,20060301,2006030100, , ,20060203,2006020300,6.7,9.3,,3,4.59,0.027,781.7,,4.1,0,0,,,,,,,,,,,,,
2019-02-03 12:00,상주하수,47A0011,1,36.4229,128.187579,20060203,2006020300,,,,20060203,2006020300,20060301,2006030100,20060202,2006020200,20060201,2006020100,20060107,2006010700,20060301,2006030100, , ,20060203,2006020300,6.7,9.9,,10.3,5.286,0.235,1001.3,,4.1,0,0,,,,,,,,,,,,,
2019-02-04 12:00,상주하수,47A0011,1,36.4229,128.187579,20060203,2006020300,,,,20060203,2006020300,20060301,2006030100,20060202,2006020200,20060201,2006020100,20060107,2006010700,20060301,2006030100, , ,20060203,2006020300,6.7,9,,2.9,4.163,0.022,802.9,,4.1,0,0,,,,,,,,,,,,,
2019-02-05 12:00,상주하수,47A0011,1,36.4229,128.187579,20060203,2006020300,,,,20060203,2006020300,20060301,2006030100,20060202,2006020200,20060201,2006020100,20060107,2006010700,20060301,2006030100, , ,20060203,2006020300,6.7,9.8,,3,4.935,0.022,785.4,,4.1,0,0,,,,,,,,,,,,,
2019-02-06 12:00,상주하수,47A0011,1,36.4229,128.187579,20060203,2006020300,,,,20060203,2006020300,20060301,2006030100,20060202,2006020200,20060201,2006020100,20060107,2006010700,20060301,2006030100, , ,20060203,2006020300,6.8,10.3,,3.1,6.17,0.023,767.1,,4.1,0,0,,,,,,,,,,,,,
2019-02-07 12:00,상주하수,47A0011,1,36.4229,128.187579,20060203,2006020300,,,,20060203,2006020300,20060301,2006030100,20060202,2006020200,20060201,2006020100,20060107,2006010700,20060301,2006030100, , ,20060203,2006020300,6.8,9.7,,3.2,5.323,0.02,747.1,,4.1,0,0,,,,,,,,,,,,,
2019-02-08 12:00,상주하수,47A0011,1,36.4229,128.187579,20060203,2006020300,,,,20060203,2006020300,20060301,2006030100,20060202,2006020200,20060201,2006020100,20060107,2006010700,20060301,2006030100, , ,20060203,2006020300,6.7,10.6,,3.4,5.042,0.016,704.2,,4.1,0,0,,,,,,,,,,,,,
2019-02-09 12:00,상주하수,47A0011,1,36.4229,128.187579,20060203,2006020300,,,,20060203,2006020300,20060301,2006030100,20060202,2006020200,20060201,2006020100,20060107,2006010700,20060301,2006030100, , ,20060203,2006020300,6.7,12.1,,3.5,4.275,0.018,692.5,,4.1,0,0,,,,,,,,,,,,,
2019-02-10 12:00,상주하수,47A0011,1,36.4229,128.187579,20060203,2006020300,,,,20060203,2006020300,20060301,2006030100,20060202,2006020200,20060201,2006020100,20060107,2006010700,20060301,2006030100, , ,20060203,2006020300,6.7,12.3,,3.5,3.795,0.021,686.3,,4.1,0,0,,,,,,,,,,,,,
2019-02-11 12:00,상주하수,47A0011,1,36.4229,128.187579,20060203,2006020300,,,,20060203,2006020300,20060301,2006030100,20060202,2006020200,20060201,2006020100,20060107,2006010700,20060301,2006030100, , ,20060203,2006020300,6.7,11.9,,3.8,3.838,0.053,673.8,,4.1,0,0,,,,,,,,,,,,,
2019-02-12 12:00,상주하수,47A0011,1,36.4229,128.187579,20060203,2006020300,,,,20060203,2006020300,20060301,2006030100,20060202,2006020200,20060201,2006020100,20060107,2006010700,20060301,2006030100, , ,20060203,2006020300,6.6,8.9,,2.8,4.237,0.041,687.1,,4.1,0,0,,,,,,,,,,,,,
2019-02-13 12:00,상주하수,47A0011,1,36.4229,128.187579,20060203,2006020300,,,,20060203,2006020300,20060301,2006030100,20060202,2006020200,20060201,2006020100,20060107,2006010700,20060301,2006030100, , ,20060203,2006020300,6.6,7.5,,2.8,4.211,0.036,675.4,,4.1,0,0,,,,,,,,,,,,,
2019-02-14 12:00,상주하수,47A0011,1,36.4229,128.187579,20060203,2006020300,,,,20060203,2006020300,20060301,2006030100,20060202,2006020200,20060201,2006020100,20060107,2006010700,20060301,2006030100, , ,20060203,2006020300,6.6,5.9,,2.8,3.882,0.032,693.8,,4.1,0,0,,,,,,,,,,,,,
2019-02-15 12:00,상주하수,47A0011,1,36.4229,128.187579,20060203,2006020300,,,,20060203,2006020300,20060301,2006030100,20060202,2006020200,20060201,2006020100,20060107,2006010700,20060301,2006030100, , ,20060203,2006020300,6.7,5.4,,2.9,3.28,0.035,689.2,,4.1,0,0,,,,,,,,,,,,,
2019-02-16 12:00,상주하수,47A0011,1,36.4229,128.187579,20060203,2006020300,,,,20060203,2006020300,20060301,2006030100,20060202,2006020200,20060201,2006020100,20060107,2006010700,20060301,2006030100, , ,20060203,2006020300,6.7,5.2,,2.8,3.389,0.028,679.6,,4.1,0,0,,,,,,,,,,,,,
2019-02-17 12:00,상주하수,47A0011,1,36.4229,128.187579,20060203,2006020300,,,,20060203,2006020300,20060301,2006030100,20060202,2006020200,20060201,2006020100,20060107,2006010700,20060301,2006030100, , ,20060203,2006020300,6.7,4.7,,2.8,2.855,0.026,698.3,,4.1,0,0,,,,,,,,,,,,,
2019-02-18 12:00,상주하수,47A0011,1,36.4229,128.187579,20060203,2006020300,,,,20060203,2006020300,20060301,2006030100,20060202,2006020200,20060201,2006020100,20060107,2006010700,20060301,2006030100, , ,20060203,2006020300,6.7,9.3,,2.9,3.285,0.028,675.4,,4.1,0,0,,,,,,,,,,,,,
2019-02-19 12:00,상주하수,47A0011,1,36.4229,128.187579,20060203,2006020300,,,,20060203,2006020300,20060301,2006030100,20060202,2006020200,20060201,2006020100,20060107,2006010700,20060301,2006030100, , ,20060203,2006020300,6.7,18.3,,12.2,5.008,0.208,981.7,,4.1,0,0,,,,,,,,,,,,,
2019-02-20 12:00,상주하수,47A0011,1,36.4229,128.187579,20060203,2006020300,,,,20060203,2006020300,20060301,2006030100,20060202,2006020200,20060201,2006020100,20060107,2006010700,20060301,2006030100, , ,20060203,2006020300,6.6,16.6,,2.8,3.072,0.019,675,,4.2,0,0,,,,,,,,,,,,,
2019-02-21 12:00,상주하수,47A0011,1,36.4229,128.187579,20060203,2006020300,,,,20060203,2006020300,20060301,2006030100,20060202,2006020200,20060201,2006020100,20060107,2006010700,20060301,2006030100, , ,20060203,2006020300,6.7,9.9,,3.1,2.205,0.059,702.9,,4.2,0,0,,,,,,,,,,,,,
2019-02-22 12:00,상주하수,47A0011,1,36.4229,128.187579,20060203,2006020300,,,,20060203,2006020300,20060301,2006030100,20060202,2006020200,20060201,2006020100,20060107,2006010700,20060301,2006030100, , ,20060203,2006020300,6.7,10,,3.1,2.31,0.059,685.4,,4.2,0,0,,,,,,,,,,,,,
2019-02-23 12:00,상주하수,47A0011,1,36.4229,128.187579,20060203,2006020300,,,,20060203,2006020300,20060301,2006030100,20060202,2006020200,20060201,2006020100,20060107,2006010700,20060301,2006030100, , ,20060203,2006020300,6.7,9.9,,3.1,2.009,0.058,667.5,,4.2,0,0,,,,,,,,,,,,,
2019-02-24 12:00,상주하수,47A0011,1,36.4229,128.187579,20060203,2006020300,,,,20060203,2006020300,20060301,2006030100,20060202,2006020200,20060201,2006020100,20060107,2006010700,20060301,2006030100, , ,20060203,2006020300,6.7,9.7,,3.1,1.942,0.057,704.6,,4.2,0,0,,,,,,,,,,,,,
2019-02-25 12:00,상주하수,47A0011,1,36.4229,128.187579,20060203,2006020300,,,,20060203,2006020300,20060301,2006030100,20060202,2006020200,20060201,2006020100,20060107,2006010700,20060301,2006030100, , ,20060203,2006020300,6.7,9.7,,3.1,1.948,0.056,705,,4.2,0,0,,,,,,,,,,,,,
2019-02-26 12:00,상주하수,47A0011,1,36.4229,128.187579,20060203,2006020300,,,,20060203,2006020300,20060301,2006030100,20060202,2006020200,20060201,2006020100,20060107,2006010700,20060301,2006030100, , ,20060203,2006020300,6.7,10.2,,3.1,1.857,0.057,692.5,,4.2,0,0,,,,,,,,,,,,,
2019-02-27 12:00,상주하수,47A0011,1,36.4229,128.187579,20060203,2006020300,,,,20060203,2006020300,20060301,2006030100,20060202,2006020200,20060201,2006020100,20060107,2006010700,20060301,2006030100, , ,20060203,2006020300,6.6,12,,3.1,1.573,0.055,657.9,,4.2,0,0,,,,,,,,,,,,,
2019-02-28 12:00,상주하수,47A0011,1,36.4229,128.187579,20060203,2006020300,,,,20060203,2006020300,20060301,2006030100,20060202,2006020200,20060201,2006020100,20060107,2006010700,20060301,2006030100, , ,20060203,2006020300,6.6,10.3,,3.1,2.24,0.054,680.4,,4.2,0,0,,,,,,,,,,,,,
2019-03-01 12:00,상주하수,47A0011,1,36.4229,128.187579,20060203,2006020300,,,,20060203,2006020300,20060301,2006030100,20060202,2006020200,20060201,2006020100,20060107,2006010700,20060301,2006030100, , ,20060203,2006020300,6.6,10.5,,3.1,2.012,0.052,695.8,,4.2,0,0,,,,,,,,,,,,,
2019-03-02 12:00,상주하수,47A0011,1,36.4229,128.187579,20060203,2006020300,,,,20060203,2006020300,20060301,2006030100,20060202,2006020200,20060201,2006020100,20060107,2006010700,20060301,2006030100, , ,20060203,2006020300,6.6,10.2,,3,1.133,0.069,661.7,,4.2,0,0,,,,,,,,,,,,,
2019-03-03 12:00,상주하수,47A0011,1,36.4229,128.187579,20060203,2006020300,,,,20060203,2006020300,20060301,2006030100,20060202,2006020200,20060201,2006020100,20060107,2006010700,20060301,2006030100, , ,20060203,2006020300,6.6,10.4,,3,0.973,0.051,667.1,,4.2,0,0,,,,,,,,,,,,,
2019-03-04 12:00,상주하수,47A0011,1,36.4229,128.187579,20060203,2006020300,,,,20060203,2006020300,20060301,2006030100,20060202,2006020200,20060201,2006020100,20060107,2006010700,20060301,2006030100, , ,20060203,2006020300,6.7,10.5,,3,1.149,0.051,672.9,,4.2,0,0,,,,,,,,,,,,,
2019-03-05 12:00,상주하수,47A0011,1,36.4229,128.187579,20060203,2006020300,,,,20060203,2006020300,20060301,2006030100,20060202,2006020200,20060201,2006020100,20060107,2006010700,20060301,2006030100, , ,20060203,2006020300,6.6,10.4,,2.9,1.538,0.035,654.2,,4.2,0,0,,,,,,,,,,,,,
2019-03-06 12:00,상주하수,47A0011,1,36.4229,128.187579,20060203,2006020300,,,,20060203,2006020300,20060301,2006030100,20060202,2006020200,20060201,2006020100,20060107,2006010700,20060301,2006030100, , ,20060203,2006020300,6.6,11,,2.8,1.743,0.014,660,,4.2,0,0,,,,,,,,,,,,,
2019-03-07 12:00,상주하수,47A0011,1,36.4229,128.187579,20060203,2006020300,,,,20060203,2006020300,20060301,2006030100,20060202,2006020200,20060201,2006020100,20060107,2006010700,20060301,2006030100, , ,20060203,2006020300,6.6,11.1,,2.7,1.584,0.012,661.7,,4.2,0,0,,,,,,,,,,,,,
2019-03-08 12:00,상주하수,47A0011,1,36.4229,128.187579,20060203,2006020300,,,,20060203,2006020300,20060301,2006030100,20060202,2006020200,20060201,2006020100,20060107,2006010700,20060301,2006030100, , ,20060203,2006020300,6.6,11,,2.7,1.466,0.016,657.9,,4.2,0,0,,,,,,,,,,,,,
2019-03-09 12:00,상주하수,47A0011,1,36.4229,128.187579,20060203,2006020300,,,,20060203,2006020300,20060301,2006030100,20060202,2006020200,20060201,2006020100,20060107,2006010700,20060301,2006030100, , ,20060203,2006020300,6.6,11.3,,2.7,1.184,0.019,640.4,,4.2,0,0,,,,,,,,,,,,,
2019-03-10 12:00,상주하수,47A0011,1,36.4229,128.187579,20060203,2006020300,,,,20060203,2006020300,20060301,2006030100,20060202,2006020200,20060201,2006020100,20060107,2006010700,20060301,2006030100, , ,20060203,2006020300,6.6,11.5,,2.7,1.705,0.013,677.5,,4.2,0,0,,,,,,,,,,,,,
2019-03-11 12:00,상주하수,47A0011,1,36.4229,128.187579,20060203,2006020300,,,,20060203,2006020300,20060301,2006030100,20060202,2006020200,20060201,2006020100,20060107,2006010700,20060301,2006030100, , ,20060203,2006020300,6.6,10.4,,2.8,1.882,0.018,678.3,,4.2,0,0,,,,,,,,,,,,,
2019-03-12 12:00,상주하수,47A0011,1,36.4229,128.187579,20060203,2006020300,,,,20060203,2006020300,20060301,2006030100,20060202,2006020200,20060201,2006020100,20060107,2006010700,20060301,2006030100, , ,20060203,2006020300,6.6,8.3,,2.8,1.599,0.015,675,,4.2,0,0,,,,,,,,,,,,,
2019-03-13 12:00,상주하수,47A0011,1,36.4229,128.187579,20060203,2006020300,,,,20060203,2006020300,20060301,2006030100,20060202,2006020200,20060201,2006020100,20060107,2006010700,20060301,2006030100, , ,20060203,2006020300,6.6,8.1,,2.9,1.639,0.017,665.4,,4.2,0,0,,,,,,,,,,,,,
2019-03-14 12:00,상주하수,47A0011,1,36.4229,128.187579,20060203,2006020300,,,,20060203,2006020300,20060301,2006030100,20060202,2006020200,20060201,2006020100,20060107,2006010700,20060301,2006030100, , ,20060203,2006020300,6.6,8.3,,2.9,1.855,0.017,669.2,,4.2,0,0,,,,,,,,,,,,,
2019-03-15 12:00,상주하수,47A0011,1,36.4229,128.187579,20060203,2006020300,,,,20060203,2006020300,20060301,2006030100,20060202,2006020200,20060201,2006020100,20060107,2006010700,20060301,2006030100, , ,20060203,2006020300,6.6,8.4,,2.9,1.121,0.029,675.4,,4.2,0,0,,,,,,,,,,,,,
2019-03-16 12:00,상주하수,47A0011,1,36.4229,128.187579,20060203,2006020300,,,,20060203,2006020300,20060301,2006030100,20060202,2006020200,20060201,2006020100,20060107,2006010700,20060301,2006030100, , ,20060203,2006020300,6.6,8.6,,2.9,1.472,0.033,664.6,,4.2,0,0,,,,,,,,,,,,,
2019-03-17 12:00,상주하수,47A0011,1,36.4229,128.187579,20060203,2006020300,,,,20060203,2006020300,20060301,2006030100,20060202,2006020200,20060201,2006020100,20060107,2006010700,20060301,2006030100, , ,20060203,2006020300,6.6,8.9,,2.9,2.022,0.039,669.6,,4.2,0,0,,,,,,,,,,,,,
2019-03-18 12:00,상주하수,47A0011,1,36.4229,128.187579,20060203,2006020300,,,,20060203,2006020300,20060301,2006030100,20060202,2006020200,20060201,2006020100,20060107,2006010700,20060301,2006030100, , ,20060203,2006020300,6.6,8.8,,2.9,1.792,0.047,661.7,,4.2,0,0,,,,,,,,,,,,,
2019-03-19 12:00,상주하수,47A0011,1,36.4229,128.187579,20060203,2006020300,,,,20060203,2006020300,20060301,2006030100,20060202,2006020200,20060201,2006020100,20060107,2006010700,20060301,2006030100, , ,20060203,2006020300,6.5,9,,2.9,1.893,0.021,680,,4.2,0,0,,,,,,,,,,,,,
2019-03-20 12:00,상주하수,47A0011,1,36.4229,128.187579,20060203,2006020300,,,,20060203,2006020300,20060301,2006030100,20060202,2006020200,20060201,2006020100,20060107,2006010700,20060301,2006030100, , ,20060203,2006020300,6.5,9.4,,3,1.608,0.015,699.6,,4.2,0,0,,,,,,,,,,,,,
2019-03-21 12:00,상주하수,47A0011,1,36.4229,128.187579,20060203,2006020300,,,,20060203,2006020300,20060301,2006030100,20060202,2006020200,20060201,2006020100,20060107,2006010700,20060301,2006030100, , ,20060203,2006020300,6.5,9.5,,3,1.284,0.02,729.6,,4.2,0,0,,,,,,,,,,,,,
2019-03-22 12:00,상주하수,47A0011,1,36.4229,128.187579,20060203,2006020300,,,,20060203,2006020300,20060301,2006030100,20060202,2006020200,20060201,2006020100,20060107,2006010700,20060301,2006030100, , ,20060203,2006020300,6.5,9.6,,3,1.721,0.019,675.4,,4.2,0,0,,,,,,,,,,,,,
2019-03-23 12:00,상주하수,47A0011,1,36.4229,128.187579,20060203,2006020300,,,,20060203,2006020300,20060301,2006030100,20060202,2006020200,20060201,2006020100,20060107,2006010700,20060301,2006030100, , ,20060203,2006020300,6.5,10.2,,2.9,1.495,0.024,677.1,,4.2,0,0,,,,,,,,,,,,,
2019-03-24 12:00,상주하수,47A0011,1,36.4229,128.187579,20060203,2006020300,,,,20060203,2006020300,20060301,2006030100,20060202,2006020200,20060201,2006020100,20060107,2006010700,20060301,2006030100, , ,20060203,2006020300,6.5,10.2,,3,1.616,0.035,662.1,,4.2,0,0,,,,,,,,,,,,,
2019-03-25 12:00,상주하수,47A0011,1,36.4229,128.187579,20060203,2006020300,,,,20060203,2006020300,20060301,2006030100,20060202,2006020200,20060201,2006020100,20060107,2006010700,20060301,2006030100, , ,20060203,2006020300,6.4,10.2,,3,1.383,0.06,684.6,,4.2,0,0,,,,,,,,,,,,,
2019-03-26 12:00,상주하수,47A0011,1,36.4229,128.187579,20060203,2006020300,,,,20060203,2006020300,20060301,2006030100,20060202,2006020200,20060201,2006020100,20060107,2006010700,20060301,2006030100, , ,20060203,2006020300,6.4,9.8,,3,1.566,0.047,678.3,,4.2,0,0,,,,,,,,,,,,,
2019-03-27 12:00,상주하수,47A0011,1,36.4229,128.187579,20060203,2006020300,,,,20060203,2006020300,20060301,2006030100,20060202,2006020200,20060201,2006020100,20060107,2006010700,20060301,2006030100, , ,20060203,2006020300,6.4,9.8,,3.2,1.998,0.041,686.3,,4.2,0,0,,,,,,,,,,,,,
2019-03-28 12:00,상주하수,47A0011,1,36.4229,128.187579,20060203,2006020300,,,,20060203,2006020300,20060301,2006030100,20060202,2006020200,20060201,2006020100,20060107,2006010700,20060301,2006030100, , ,20060203,2006020300,6.5,10.2,,3,1.865,0.041,697.5,,4.2,0,0,,,,,,,,,,,,,
2019-03-29 12:00,상주하수,47A0011,1,36.4229,128.187579,20060203,2006020300,,,,20060203,2006020300,20060301,2006030100,20060202,2006020200,20060201,2006020100,20060107,2006010700,20060301,2006030100, , ,20060203,2006020300,6.6,10.4,,3,1.616,0.041,659.6,,4.2,0,0,,,,,,,,,,,,,
2019-03-30 12:00,상주하수,47A0011,1,36.4229,128.187579,20060203,2006020300,,,,20060203,2006020300,20060301,2006030100,20060202,2006020200,20060201,2006020100,20060107,2006010700,20060301,2006030100, , ,20060203,2006020300,6.6,10.8,,2.9,1.837,0.022,701.3,,4.2,0,0,,,,,,,,,,,,,
2019-03-31 12:00,상주하수,47A0011,1,36.4229,128.187579,20060203,2006020300,,,,20060203,2006020300,20060301,2006030100,20060202,2006020200,20060201,2006020100,20060107,2006010700,20060301,2006030100, , ,20060203,2006020300,6.6,10.9,,2.9,2.271,0.02,632.1,,4.2,0,0,,,,,,,,,,,,,
2019-04-01 12:00,상주하수,47A0011,1,36.4229,128.187579,20060203,2006020300,,,,20060203,2006020300,20060301,2006030100,20060202,2006020200,20060201,2006020100,20060107,2006010700,20060301,2006030100, , ,20060203,2006020300,6.6,11,,2.9,2.505,0.051,672.1,,4.2,0,0,,,,,,,,,,,,,
2019-04-02 12:00,상주하수,47A0011,1,36.4229,128.187579,20060203,2006020300,,,,20060203,2006020300,20060301,2006030100,20060202,2006020200,20060201,2006020100,20060107,2006010700,20060301,2006030100, , ,20060203,2006020300,6.6,11.2,,2.9,1.996,0.035,648.8,,4.2,0,0,,,,,,,,,,,,,
2019-04-03 12:00,상주하수,47A0011,1,36.4229,128.187579,20060203,2006020300,,,,20060203,2006020300,20060301,2006030100,20060202,2006020200,20060201,2006020100,20060107,2006010700,20060301,2006030100, , ,20060203,2006020300,6.7,11.1,,2.9,1.429,0.032,650.8,,4.2,0,0,,,,,,,,,,,,,
2019-04-04 12:00,상주하수,47A0011,1,36.4229,128.187579,20060203,2006020300,,,,20060203,2006020300,20060301,2006030100,20060202,2006020200,20060201,2006020100,20060107,2006010700,20060301,2006030100, , ,20060203,2006020300,6.6,11.1,,3.3,1.83,0.031,652.1,,4.2,0,0,,,,,,,,,,,,,
2019-04-05 12:00,상주하수,47A0011,1,36.4229,128.187579,20060203,2006020300,,,,20060203,2006020300,20060301,2006030100,20060202,2006020200,20060201,2006020100,20060107,2006010700,20060301,2006030100, , ,20060203,2006020300,6.6,11.6,,2.9,2.396,0.019,656.3,,4.2,0,0,,,,,,,,,,,,,
2019-04-06 12:00,상주하수,47A0011,1,36.4229,128.187579,20060203,2006020300,,,,20060203,2006020300,20060301,2006030100,20060202,2006020200,20060201,2006020100,20060107,2006010700,20060301,2006030100, , ,20060203,2006020300,6.6,11.8,,2.9,1.977,0.017,650.8,,4.2,0,0,,,,,,,,,,,,,
2019-04-07 12:00,상주하수,47A0011,1,36.4229,128.187579,20060203,2006020300,,,,20060203,2006020300,20060301,2006030100,20060202,2006020200,20060201,2006020100,20060107,2006010700,20060301,2006030100, , ,20060203,2006020300,6.6,12.1,,2.9,1.892,0.014,643.8,,4.2,0,0,,,,,,,,,,,,,
2019-04-08 12:00,상주하수,47A0011,1,36.4229,128.187579,20060203,2006020300,,,,20060203,2006020300,20060301,2006030100,20060202,2006020200,20060201,2006020100,20060107,2006010700,20060301,2006030100, , ,20060203,2006020300,6.6,12.2,,2.9,2.267,0.026,659.2,,4.2,0,0,,,,,,,,,,,,,
2019-04-09 12:00,상주하수,47A0011,1,36.4229,128.187579,20060203,2006020300,,,,20060203,2006020300,20060301,2006030100,20060202,2006020200,20060201,2006020100,20060107,2006010700,20060301,2006030100, , ,20060203,2006020300,6.6,12,,7.3,2.551,0.13,857.5,,4.2,0,0,,,,,,,,,,,,,
2019-04-10 12:00,상주하수,47A0011,1,36.4229,128.187579,20060203,2006020300,,,,20060203,2006020300,20060301,2006030100,20060202,2006020200,20060201,2006020100,20060107,2006010700,20060301,2006030100, , ,20060203,2006020300,6.5,12.2,,13.1,3.047,0.436,1132.5,,4.2,0,0,,,,,,,,,,,,,
2019-04-11 12:00,상주하수,47A0011,1,36.4229,128.187579,20060203,2006020300,,,,20060203,2006020300,20060301,2006030100,20060202,2006020200,20060201,2006020100,20060107,2006010700,20060301,2006030100, , ,20060203,2006020300,6.4,12.5,,3,0.482,0.017,757.5,,4.2,0,0,,,,,,,,,,,,,
2019-04-12 12:00,상주하수,47A0011,1,36.4229,128.187579,20060203,2006020300,,,,20060203,2006020300,20060301,2006030100,20060202,2006020200,20060201,2006020100,20060107,2006010700,20060301,2006030100, , ,20060203,2006020300,6.5,13.6,,3,0.479,0.015,755.8,,4.2,0,0,,,,,,,,,,,,,
2019-04-13 12:00,상주하수,47A0011,1,36.4229,128.187579,20060203,2006020300,,,,20060203,2006020300,20060301,2006030100,20060202,2006020200,20060201,2006020100,20060107,2006010700,20060301,2006030100, , ,20060203,2006020300,6.5,12.2,,3,0.475,0.014,740.8,,4.2,0,0,,,,,,,,,,,,,
2019-04-14 12:00,상주하수,47A0011,1,36.4229,128.187579,20060203,2006020300,,,,20060203,2006020300,20060301,2006030100,20060202,2006020200,20060201,2006020100,20060107,2006010700,20060301,2006030100, , ,20060203,2006020300,6.5,10.9,,3,0.471,0.014,696.3,,4.2,0,0,,,,,,,,,,,,,
2019-04-15 12:00,상주하수,47A0011,1,36.4229,128.187579,20060203,2006020300,,,,20060203,2006020300,20060301,2006030100,20060202,2006020200,20060201,2006020100,20060107,2006010700,20060301,2006030100, , ,20060203,2006020300,6.5,11.4,,3,1.53,0.023,706.7,,4.2,0,0,,,,,,,,,,,,,
2019-04-16 12:00,상주하수,47A0011,1,36.4229,128.187579,20060203,2006020300,,,,20060203,2006020300,20060301,2006030100,20060202,2006020200,20060201,2006020100,20060107,2006010700,20060301,2006030100, , ,20060203,2006020300,6.5,13.1,,3.1,3.76,0.031,746.3,,4.2,0,0,,,,,,,,,,,,,
2019-04-17 12:00,상주하수,47A0011,1,36.4229,128.187579,20060203,2006020300,,,,20060203,2006020300,20060301,2006030100,20060202,2006020200,20060201,2006020100,20060107,2006010700,20060301,2006030100, , ,20060203,2006020300,6.4,9.3,,3.2,3.721,0.038,781.3,,4.2,0,0,,,,,,,,,,,,,
2019-04-18 12:00,상주하수,47A0011,1,36.4229,128.187579,20060203,2006020300,,,,20060203,2006020300,20060301,2006030100,20060202,2006020200,20060201,2006020100,20060107,2006010700,20060301,2006030100, , ,20060203,2006020300,6.4,7,,3.3,3.5,0.035,782.1,,4.2,0,0,,,,,,,,,,,,,
2019-04-19 12:00,상주하수,47A0011,1,36.4229,128.187579,20060203,2006020300,,,,20060203,2006020300,20060301,2006030100,20060202,2006020200,20060201,2006020100,20060107,2006010700,20060301,2006030100, , ,20060203,2006020300,6.3,11.7,,3,3.484,0.036,769.6,,4.2,0,0,,,,,,,,,,,,,
2019-04-20 12:00,상주하수,47A0011,1,36.4229,128.187579,20060203,2006020300,,,,20060203,2006020300,20060301,2006030100,20060202,2006020200,20060201,2006020100,20060107,2006010700,20060301,2006030100, , ,20060203,2006020300,6.3,10.2,,2.8,3.693,0.042,764.2,,4.2,0,0,,,,,,,,,,,,,
2019-04-21 12:00,상주하수,47A0011,1,36.4229,128.187579,20060203,2006020300,,,,20060203,2006020300,20060301,2006030100,20060202,2006020200,20060201,2006020100,20060107,2006010700,20060301,2006030100, , ,20060203,2006020300,6.3,11,,2.8,3.585,0.045,747.1,,4.2,0,0,,,,,,,,,,,,,
2019-04-22 12:00,상주하수,47A0011,1,36.4229,128.187579,20060203,2006020300,,,,20060203,2006020300,20060301,2006030100,20060202,2006020200,20060201,2006020100,20060107,2006010700,20060301,2006030100, , ,20060203,2006020300,6.2,10.3,,2.8,3.717,0.079,809.2,,4.2,0,0,,,,,,,,,,,,,
2019-04-23 12:00,상주하수,47A0011,1,36.4229,128.187579,20060203,2006020300,,,,20060203,2006020300,20060301,2006030100,20060202,2006020200,20060201,2006020100,20060107,2006010700,20060301,2006030100, , ,20060203,2006020300,6.3,9.8,,3.1,3.681,0.047,795.8,,4.2,0,0,,,,,,,,,,,,,
2019-04-24 12:00,상주하수,47A0011,1,36.4229,128.187579,20060203,2006020300,,,,20060203,2006020300,20060301,2006030100,20060202,2006020200,20060201,2006020100,20060107,2006010700,20060301,2006030100, , ,20060203,2006020300,6.3,9.7,,2.9,3.477,0.036,931.7,,4.2,0,0,,,,,,,,,,,,,
2019-04-25 12:00,상주하수,47A0011,1,36.4229,128.187579,20060203,2006020300,,,,20060203,2006020300,20060301,2006030100,20060202,2006020200,20060201,2006020100,20060107,2006010700,20060301,2006030100, , ,20060203,2006020300,6.4,9.7,,2.9,3.483,0.032,837.9,,4.2,0,0,,,,,,,,,,,,,
2019-04-26 12:00,상주하수,47A0011,1,36.4229,128.187579,20060203,2006020300,,,,20060203,2006020300,20060301,2006030100,20060202,2006020200,20060201,2006020100,20060107,2006010700,20060301,2006030100, , ,20060203,2006020300,6.4,9.9,,10.8,4.746,0.293,1180.8,,4.2,0,0,,,,,,,,,,,,,
2019-04-27 12:00,상주하수,47A0011,1,36.4229,128.187579,20060203,2006020300,,,,20060203,2006020300,20060301,2006030100,20060202,2006020200,20060201,2006020100,20060107,2006010700,20060301,2006030100, , ,20060203,2006020300,6.3,10,,3.5,4.789,0.141,795,,4.2,0,0,,,,,,,,,,,,,
2019-04-28 12:00,상주하수,47A0011,1,36.4229,128.187579,20060203,2006020300,,,,20060203,2006020300,20060301,2006030100,20060202,2006020200,20060201,2006020100,20060107,2006010700,20060301,2006030100, , ,20060203,2006020300,6.4,9.3,,3,5.072,0.029,845.4,,4.2,0,0,,,,,,,,,,,,,
2019-04-29 12:00,상주하수,47A0011,1,36.4229,128.187579,20060203,2006020300,,,,20060203,2006020300,20060301,2006030100,20060202,2006020200,20060201,2006020100,20060107,2006010700,20060301,2006030100, , ,20060203,2006020300,6.5,9.9,,14.2,5.201,0.052,1210,,4.2,0,0,,,,,,,,,,,,,
2019-04-30 12:00,상주하수,47A0011,1,36.4229,128.187579,20060203,2006020300,,,,20060203,2006020300,20060301,2006030100,20060202,2006020200,20060201,2006020100,20060107,2006010700,20060301,2006030100, , ,20060203,2006020300,6.3,9.3,,3.6,5.194,0.065,858.8,,4.2,0,0,,,,,,,,,,,,,
2019-05-01 12:00,상주하수,47A0011,1,36.4229,128.187579,20060203,2006020300,,,,20060203,2006020300,20060301,2006030100,20060202,2006020200,20060201,2006020100,20060107,2006010700,20060301,2006030100, , ,20060203,2006020300,6.3,9.5,,3,6.053,0.03,928.8,,4.2,0,0,,,,,,,,,,,,,
2019-05-02 12:00,상주하수,47A0011,1,36.4229,128.187579,20060203,2006020300,,,,20060203,2006020300,20060301,2006030100,20060202,2006020200,20060201,2006020100,20060107,2006010700,20060301,2006030100, , ,20060203,2006020300,6.3,9.8,,3.1,6.083,0.031,914.2,,4.2,0,0,,,,,,,,,,,,,
2019-05-03 12:00,상주하수,47A0011,1,36.4229,128.187579,20060203,2006020300,,,,20060203,2006020300,20060301,2006030100,20060202,2006020200,20060201,2006020100,20060107,2006010700,20060301,2006030100, , ,20060203,2006020300,6.3,10.3,,3.1,6.319,0.031,892.1,,4.2,0,0,,,,,,,,,,,,,
2019-05-04 12:00,상주하수,47A0011,1,36.4229,128.187579,20060203,2006020300,,,,20060203,2006020300,20060301,2006030100,20060202,2006020200,20060201,2006020100,20060107,2006010700,20060301,2006030100, , ,20060203,2006020300,6.3,10.8,,3.1,6.321,0.033,897.1,,4.2,0,0,,,,,,,,,,,,,
2019-05-05 12:00,상주하수,47A0011,1,36.4229,128.187579,20060203,2006020300,,,,20060203,2006020300,20060301,2006030100,20060202,2006020200,20060201,2006020100,20060107,2006010700,20060301,2006030100, , ,20060203,2006020300,6.3,10.5,,3.1,6.151,0.032,877.9,,4.2,0,0,,,,,,,,,,,,,
2019-05-06 12:00,상주하수,47A0011,1,36.4229,128.187579,20060203,2006020300,,,,20060203,2006020300,20060301,2006030100,20060202,2006020200,20060201,2006020100,20060107,2006010700,20060301,2006030100, , ,20060203,2006020300,6.3,10.2,,3.1,6.132,0.032,857.9,,4.2,0,0,,,,,,,,,,,,,
2019-05-07 12:00,상주하수,47A0011,1,36.4229,128.187579,20060203,2006020300,,,,20060203,2006020300,20060301,2006030100,20060202,2006020200,20060201,2006020100,20060107,2006010700,20060301,2006030100, , ,20060203,2006020300,6.3,12,,3,6.284,0.024,856.7,,4.2,0,0,,,,,,,,,,,,,
2019-05-08 12:00,상주하수,47A0011,1,36.4229,128.187579,20060203,2006020300,,,,20060203,2006020300,20060301,2006030100,20060202,2006020200,20060201,2006020100,20060107,2006010700,20060301,2006030100, , ,20060203,2006020300,6.2,12.1,,2.7,6.868,0.008,836.3,,4.2,0,0,,,,,,,,,,,,,
2019-05-09 12:00,상주하수,47A0011,1,36.4229,128.187579,20060203,2006020300,,,,20060203,2006020300,20060301,2006030100,20060202,2006020200,20060201,2006020100,20060107,2006010700,20060301,2006030100, , ,20060203,2006020300,6.2,10.1,,2.8,6.803,0.002,830,,4.2,0,0,,,,,,,,,,,,,
2019-05-10 12:00,상주하수,47A0011,1,36.4229,128.187579,20060203,2006020300,,,,20060203,2006020300,20060301,2006030100,20060202,2006020200,20060201,2006020100,20060107,2006010700,20060301,2006030100, , ,20060203,2006020300,6.3,10,,2.8,7.269,0.003,783.3,,4.2,0,0,,,,,,,,,,,,,
2019-05-11 12:00,상주하수,47A0011,1,36.4229,128.187579,20060203,2006020300,,,,20060203,2006020300,20060301,2006030100,20060202,2006020200,20060201,2006020100,20060107,2006010700,20060301,2006030100, , ,20060203,2006020300,6.3,10.1,,2.9,7.227,0.002,788.8,,4.2,0,0,,,,,,,,,,,,,
2019-05-12 12:00,상주하수,47A0011,1,36.4229,128.187579,20060203,2006020300,,,,20060203,2006020300,20060301,2006030100,20060202,2006020200,20060201,2006020100,20060107,2006010700,20060301,2006030100, , ,20060203,2006020300,6.3,9.9,,2.9,7.259,0.001,792.9,,4.2,0,0,,,,,,,,,,,,,
2019-05-13 12:00,상주하수,47A0011,1,36.4229,128.187579,20060203,2006020300,,,,20060203,2006020300,20060301,2006030100,20060202,2006020200,20060201,2006020100,20060107,2006010700,20060301,2006030100, , ,20060203,2006020300,6.3,9.5,,2.9,7.415,0.016,807.1,,4.2,0,0,,,,,,,,,,,,,
2019-05-14 12:00,상주하수,47A0011,1,36.4229,128.187579,20060203,2006020300,,,,20060203,2006020300,20060301,2006030100,20060202,2006020200,20060201,2006020100,20060107,2006010700,20060301,2006030100, , ,20060203,2006020300,6.3,9.5,,2.9,7.299,0.025,779.2,,4.2,0,0,,,,,,,,,,,,,
2019-05-15 12:00,상주하수,47A0011,1,36.4229,128.187579,20060203,2006020300,,,,20060203,2006020300,20060301,2006030100,20060202,2006020200,20060201,2006020100,20060107,2006010700,20060301,2006030100, , ,20060203,2006020300,6.4,9.5,,2.9,7.05,0.027,793.3,,4.2,0,0,,,,,,,,,,,,,
2019-05-16 12:00,상주하수,47A0011,1,36.4229,128.187579,20060203,2006020300,,,,20060203,2006020300,20060301,2006030100,20060202,2006020200,20060201,2006020100,20060107,2006010700,20060301,2006030100, , ,20060203,2006020300,6.4,9.2,,2.8,6.894,0.024,780.8,,4.2,0,0,,,,,,,,,,,,,
2019-05-17 12:00,상주하수,47A0011,1,36.4229,128.187579,20060203,2006020300,,,,20060203,2006020300,20060301,2006030100,20060202,2006020200,20060201,2006020100,20060107,2006010700,20060301,2006030100, , ,20060203,2006020300,6.3,8.9,,2.8,6.578,0.024,821.3,,4.2,0,0,,,,,,,,,,,,,
2019-05-18 12:00,상주하수,47A0011,1,36.4229,128.187579,20060203,2006020300,,,,20060203,2006020300,20060301,2006030100,20060202,2006020200,20060201,2006020100,20060107,2006010700,20060301,2006030100, , ,20060203,2006020300,6.4,8.8,,9.8,6.545,0.323,1106.3,,4.2,0,0,,,,,,,,,,,,,
2019-05-19 12:00,상주하수,47A0011,1,36.4229,128.187579,20060203,2006020300,,,,20060203,2006020300,20060301,2006030100,20060202,2006020200,20060201,2006020100,20060107,2006010700,20060301,2006030100, , ,20060203,2006020300,6.4,8.4,,2.7,6.289,0.03,805.8,,4.2,0,0,,,,,,,,,,,,,
2019-05-20 12:00,상주하수,47A0011,1,36.4229,128.187579,20060203,2006020300,,,,20060203,2006020300,20060301,2006030100,20060202,2006020200,20060201,2006020100,20060107,2006010700,20060301,2006030100, , ,20060203,2006020300,6.4,8,,2.7,6.655,0.027,828.3,,4.2,0,0,,,,,,,,,,,,,
2019-05-21 12:00,상주하수,47A0011,1,36.4229,128.187579,20060203,2006020300,,,,20060203,2006020300,20060301,2006030100,20060202,2006020200,20060201,2006020100,20060107,2006010700,20060301,2006030100, , ,20060203,2006020300,6.4,8.3,,2.7,7.147,0.021,825,,4.2,0,0,,,,,,,,,,,,,
2019-05-22 12:00,상주하수,47A0011,1,36.4229,128.187579,20060203,2006020300,,,,20060203,2006020300,20060301,2006030100,20060202,2006020200,20060201,2006020100,20060107,2006010700,20060301,2006030100, , ,20060203,2006020300,6.3,9.2,,2.6,6.729,0.014,790.4,,4.2,0,0,,,,,,,,,,,,,
2019-05-23 12:00,상주하수,47A0011,1,36.4229,128.187579,20060203,2006020300,,,,20060203,2006020300,20060301,2006030100,20060202,2006020200,20060201,2006020100,20060107,2006010700,20060301,2006030100, , ,20060203,2006020300,6.4,9.2,,2.6,6.488,0.014,801.7,,4.2,0,0,,,,,,,,,,,,,
2019-05-24 12:00,상주하수,47A0011,1,36.4229,128.187579,20060203,2006020300,,,,20060203,2006020300,20060301,2006030100,20060202,2006020200,20060201,2006020100,20060107,2006010700,20060301,2006030100, , ,20060203,2006020300,6.3,9.3,,2.7,6.246,0.014,814.2,,4.2,0,0,,,,,,,,,,,,,
2019-05-25 12:00,상주하수,47A0011,1,36.4229,128.187579,20060203,2006020300,,,,20060203,2006020300,20060301,2006030100,20060202,2006020200,20060201,2006020100,20060107,2006010700,20060301,2006030100, , ,20060203,2006020300,6.4,9.2,,2.7,5.955,0.014,770,,4.2,0,0,,,,,,,,,,,,,
2019-05-26 12:00,상주하수,47A0011,1,36.4229,128.187579,20060203,2006020300,,,,20060203,2006020300,20060301,2006030100,20060202,2006020200,20060201,2006020100,20060107,2006010700,20060301,2006030100, , ,20060203,2006020300,6.4,9.4,,2.7,6.103,0.015,756.7,,4.2,0,0,,,,,,,,,,,,,
2019-05-27 12:00,상주하수,47A0011,1,36.4229,128.187579,20060203,2006020300,,,,20060203,2006020300,20060301,2006030100,20060202,2006020200,20060201,2006020100,20060107,2006010700,20060301,2006030100, , ,20060203,2006020300,6.4,9.5,,9.7,6.449,0.331,1087.5,,4.2,0,0,,,,,,,,,,,,,
2019-05-28 12:00,상주하수,47A0011,1,36.4229,128.187579,20060203,2006020300,,,,20060203,2006020300,20060301,2006030100,20060202,2006020200,20060201,2006020100,20060107,2006010700,20060301,2006030100, , ,20060203,2006020300,6.4,9.5,,2.5,6.387,0.018,751.3,,4.2,0,0,,,,,,,,,,,,,
2019-05-29 12:00,상주하수,47A0011,1,36.4229,128.187579,20060203,2006020300,,,,20060203,2006020300,20060301,2006030100,20060202,2006020200,20060201,2006020100,20060107,2006010700,20060301,2006030100, , ,20060203,2006020300,6.4,9.8,,2.5,7.035,0.015,792.9,,4.2,0,0,,,,,,,,,,,,,
2019-05-30 12:00,상주하수,47A0011,1,36.4229,128.187579,20060203,2006020300,,,,20060203,2006020300,20060301,2006030100,20060202,2006020200,20060201,2006020100,20060107,2006010700,20060301,2006030100, , ,20060203,2006020300,6.4,9.8,,2.6,6.868,0.014,803.8,,4.2,0,0,,,,,,,,,,,,,
2019-05-31 12:00,상주하수,47A0011,1,36.4229,128.187579,20060203,2006020300,,,,20060203,2006020300,20060301,2006030100,20060202,2006020200,20060201,2006020100,20060107,2006010700,20060301,2006030100, , ,20060203,2006020300,6.4,9.7,,2.7,6.9,0.019,765.8,,4.2,0,0,,,,,,,,,,,,,
2019-06-01 12:00,상주하수,47A0011,1,36.4229,128.187579,20060203,2006020300,,,,20060203,2006020300,20060301,2006030100,20060202,2006020200,20060201,2006020100,20060107,2006010700,20060301,2006030100, , ,20060203,2006020300,6.4,9.8,,2.7,7.039,0.015,743.3,,4.2,0,0,,,,,,,,,,,,,
2019-06-02 12:00,상주하수,47A0011,1,36.4229,128.187579,20060203,2006020300,,,,20060203,2006020300,20060301,2006030100,20060202,2006020200,20060201,2006020100,20060107,2006010700,20060301,2006030100, , ,20060203,2006020300,6.4,9.9,,2.7,7.212,0.016,750.8,,4.2,0,0,,,,,,,,,,,,,
2019-06-03 12:00,상주하수,47A0011,1,36.4229,128.187579,20060203,2006020300,,,,20060203,2006020300,20060301,2006030100,20060202,2006020200,20060201,2006020100,20060107,2006010700,20060301,2006030100, , ,20060203,2006020300,6.4,9.9,,2.8,6.991,0.018,768.3,,4.2,0,0,,,,,,,,,,,,,
2019-06-04 12:00,상주하수,47A0011,1,36.4229,128.187579,20060203,2006020300,,,,20060203,2006020300,20060301,2006030100,20060202,2006020200,20060201,2006020100,20060107,2006010700,20060301,2006030100, , ,20060203,2006020300,6.4,9.5,,2.8,6.941,0.02,750.8,,4.2,0,0,,,,,,,,,,,,,
2019-06-05 12:00,상주하수,47A0011,1,36.4229,128.187579,20060203,2006020300,,,,20060203,2006020300,20060301,2006030100,20060202,2006020200,20060201,2006020100,20060107,2006010700,20060301,2006030100, , ,20060203,2006020300,6.4,8.6,,2.8,7.016,0.028,786.3,,4.2,0,0,,,,,,,,,,,,,
2019-06-06 12:00,상주하수,47A0011,1,36.4229,128.187579,20060203,2006020300,,,,20060203,2006020300,20060301,2006030100,20060202,2006020200,20060201,2006020100,20060107,2006010700,20060301,2006030100, , ,20060203,2006020300,6.4,8.1,,2.9,6.91,0.027,825,,4.2,0,0,,,,,,,,,,,,,
2019-06-07 12:00,상주하수,47A0011,1,36.4229,128.187579,20060203,2006020300,,,,20060203,2006020300,20060301,2006030100,20060202,2006020200,20060201,2006020100,20060107,2006010700,20060301,2006030100, , ,20060203,2006020300,6.5,7.9,,15,5.721,0.469,1521.7,,4.2,0,0,,,,,,,,,,,,,
2019-06-08 12:00,상주하수,47A0011,1,36.4229,128.187579,20060203,2006020300,,,,20060203,2006020300,20060301,2006030100,20060202,2006020200,20060201,2006020100,20060107,2006010700,20060301,2006030100, , ,20060203,2006020300,6.4,7.2,,2.7,6.506,0.045,850.4,,4.2,0,0,,,,,,,,,,,,,
2019-06-09 12:00,상주하수,47A0011,1,36.4229,128.187579,20060203,2006020300,,,,20060203,2006020300,20060301,2006030100,20060202,2006020200,20060201,2006020100,20060107,2006010700,20060301,2006030100, , ,20060203,2006020300,6.5,8,,2.8,6.641,0.034,847.5,,4.2,0,0,,,,,,,,,,,,,
2019-06-10 12:00,상주하수,47A0011,1,36.4229,128.187579,20060203,2006020300,,,,20060203,2006020300,20060301,2006030100,20060202,2006020200,20060201,2006020100,20060107,2006010700,20060301,2006030100, , ,20060203,2006020300,6.5,5,,2.9,7.13,0.031,866.3,,4.2,0,0,,,,,,,,,,,,,
2019-06-11 12:00,상주하수,47A0011,1,36.4229,128.187579,20060203,2006020300,,,,20060203,2006020300,20060301,2006030100,20060202,2006020200,20060201,2006020100,20060107,2006010700,20060301,2006030100, , ,20060203,2006020300,6.5,3.5,,2.8,7.191,0.027,814.6,,4.2,0,0,,,,,,,,,,,,,
2019-06-12 12:00,상주하수,47A0011,1,36.4229,128.187579,20060203,2006020300,,,,20060203,2006020300,20060301,2006030100,20060202,2006020200,20060201,2006020100,20060107,2006010700,20060301,2006030100, , ,20060203,2006020300,6.5,5,,2.9,7.086,0.025,826.3,,4.2,0,0,,,,,,,,,,,,,
2019-06-13 12:00,상주하수,47A0011,1,36.4229,128.187579,20060203,2006020300,,,,20060203,2006020300,20060301,2006030100,20060202,2006020200,20060201,2006020100,20060107,2006010700,20060301,2006030100, , ,20060203,2006020300,6.4,7.7,,2.8,6.746,0.023,824.2,,4.2,0,0,,,,,,,,,,,,,
2019-06-14 12:00,상주하수,47A0011,1,36.4229,128.187579,20060203,2006020300,,,,20060203,2006020300,20060301,2006030100,20060202,2006020200,20060201,2006020100,20060107,2006010700,20060301,2006030100, , ,20060203,2006020300,6.4,8,,2.8,6.462,0.021,793.3,,4.2,0,0,,,,,,,,,,,,,
2019-06-15 12:00,상주하수,47A0011,1,36.4229,128.187579,20060203,2006020300,,,,20060203,2006020300,20060301,2006030100,20060202,2006020200,20060201,2006020100,20060107,2006010700,20060301,2006030100, , ,20060203,2006020300,6.5,8.2,,2.7,6.678,0.02,782.1,,4.2,0,0,,,,,,,,,,,,,
2019-06-16 12:00,상주하수,47A0011,1,36.4229,128.187579,20060203,2006020300,,,,20060203,2006020300,20060301,2006030100,20060202,2006020200,20060201,2006020100,20060107,2006010700,20060301,2006030100, , ,20060203,2006020300,6.5,8.5,,2.8,6.756,0.02,790.4,,4.2,0,0,,,,,,,,,,,,,
2019-06-17 12:00,상주하수,47A0011,1,36.4229,128.187579,20060203,2006020300,,,,20060203,2006020300,20060301,2006030100,20060202,2006020200,20060201,2006020100,20060107,2006010700,20060301,2006030100, , ,20060203,2006020300,6.5,8.7,,2.8,6.932,0.021,798.8,,4.2,0,0,,,,,,,,,,,,,
2019-06-18 12:00,상주하수,47A0011,1,36.4229,128.187579,20060203,2006020300,,,,20060203,2006020300,20060301,2006030100,20060202,2006020200,20060201,2006020100,20060107,2006010700,20060301,2006030100, , ,20060203,2006020300,6.5,9.1,,2.8,6.902,0.022,831.7,,4.2,0,0,,,,,,,,,,,,,
2019-06-19 12:00,상주하수,47A0011,1,36.4229,128.187579,20060203,2006020300,,,,20060203,2006020300,20060301,2006030100,20060202,2006020200,20060201,2006020100,20060107,2006010700,20060301,2006030100, , ,20060203,2006020300,6.5,9.4,,2.8,6.788,0.022,824.2,,4.2,0,0,,,,,,,,,,,,,
2019-06-20 12:00,상주하수,47A0011,1,36.4229,128.187579,20060203,2006020300,,,,20060203,2006020300,20060301,2006030100,20060202,2006020200,20060201,2006020100,20060107,2006010700,20060301,2006030100, , ,20060203,2006020300,6.5,9.5,,2.9,6.249,0.025,807.1,,4.2,0,0,,,,,,,,,,,,,
2019-06-21 12:00,상주하수,47A0011,1,36.4229,128.187579,20060203,2006020300,,,,20060203,2006020300,20060301,2006030100,20060202,2006020200,20060201,2006020100,20060107,2006010700,20060301,2006030100, , ,20060203,2006020300,6.5,9.7,,2.9,5.879,0.027,772.5,,4.2,0,0,,,,,,,,,,,,,
2019-06-22 12:00,상주하수,47A0011,1,36.4229,128.187579,20060203,2006020300,,,,20060203,2006020300,20060301,2006030100,20060202,2006020200,20060201,2006020100,20060107,2006010700,20060301,2006030100, , ,20060203,2006020300,6.5,9.7,,2.9,6.11,0.03,766.3,,4.2,0,0,,,,,,,,,,,,,
2019-06-23 12:00,상주하수,47A0011,1,36.4229,128.187579,20060203,2006020300,,,,20060203,2006020300,20060301,2006030100,20060202,2006020200,20060201,2006020100,20060107,2006010700,20060301,2006030100, , ,20060203,2006020300,6.6,9.7,,2.9,6.034,0.027,731.3,,4.2,0,0,,,,,,,,,,,,,
2019-06-24 12:00,상주하수,47A0011,1,36.4229,128.187579,20060203,2006020300,,,,20060203,2006020300,20060301,2006030100,20060202,2006020200,20060201,2006020100,20060107,2006010700,20060301,2006030100, , ,20060203,2006020300,6.5,9.9,,2.9,6.341,0.024,779.2,,4.2,0,0,,,,,,,,,,,,,
2019-06-25 12:00,상주하수,47A0011,1,36.4229,128.187579,20060203,2006020300,,,,20060203,2006020300,20060301,2006030100,20060202,2006020200,20060201,2006020100,20060107,2006010700,20060301,2006030100, , ,20060203,2006020300,6.5,9,,2.8,6.535,0.022,768.8,,4.2,0,0,,,,,,,,,,,,,
2019-06-26 12:00,상주하수,47A0011,1,36.4229,128.187579,20060203,2006020300,,,,20060203,2006020300,20060301,2006030100,20060202,2006020200,20060201,2006020100,20060107,2006010700,20060301,2006030100, , ,20060203,2006020300,6.5,8.7,,2.9,6.537,0.025,816.7,,4.2,0,0,,,,,,,,,,,,,
2019-06-27 12:00,상주하수,47A0011,1,36.4229,128.187579,20060203,2006020300,,,,20060203,2006020300,20060301,2006030100,20060202,2006020200,20060201,2006020100,20060107,2006010700,20060301,2006030100, , ,20060203,2006020300,6.5,8.9,,7.5,6.189,0.237,959.2,,4.2,0,0,,,,,,,,,,,,,
2019-06-28 12:00,상주하수,47A0011,1,36.4229,128.187579,20060203,2006020300,,,,20060203,2006020300,20060301,2006030100,20060202,2006020200,20060201,2006020100,20060107,2006010700,20060301,2006030100, , ,20060203,2006020300,6.4,8.7,,2.8,5.935,0.026,884.6,,4.2,0,0,,,,,,,,,,,,,
2019-06-29 12:00,상주하수,47A0011,1,36.4229,128.187579,20060203,2006020300,,,,20060203,2006020300,20060301,2006030100,20060202,2006020200,20060201,2006020100,20060107,2006010700,20060301,2006030100, , ,20060203,2006020300,6.5,8.7,,7.6,5.011,0.023,981.7,,4.2,0,0,,,,,,,,,,,,,
2019-06-30 12:00,상주하수,47A0011,1,36.4229,128.187579,20060203,2006020300,,,,20060203,2006020300,20060301,2006030100,20060202,2006020200,20060201,2006020100,20060107,2006010700,20060301,2006030100, , ,20060203,2006020300,6.4,8.6,,4.4,2.169,0.006,815,,4.2,0,0,,,,,,,,,,,,,
2019-07-01 12:00,상주하수,47A0011,1,36.4229,128.187579,20060203,2006020300,,,,20060203,2006020300,20060301,2006030100,20060202,2006020200,20060201,2006020100,20060107,2006010700,20060301,2006030100, , ,20060203,2006020300,6.5,8.6,,2.7,1.342,0.007,813.3,,4.2,0,0,,,,,,,,,,,,,
2019-07-02 12:00,상주하수,47A0011,1,36.4229,128.187579,20060203,2006020300,,,,20060203,2006020300,20060301,2006030100,20060202,2006020200,20060201,2006020100,20060107,2006010700,20060301,2006030100, , ,20060203,2006020300,6.5,8.6,,2.7,4.133,0.015,777.9,,4.2,0,0,,,,,,,,,,,,,
2019-07-03 12:00,상주하수,47A0011,1,36.4229,128.187579,20060203,2006020300,,,,20060203,2006020300,20060301,2006030100,20060202,2006020200,20060201,2006020100,20060107,2006010700,20060301,2006030100, , ,20060203,2006020300,6.5,8.5,,2.7,6.461,0.021,797.1,,4.2,0,0,,,,,,,,,,,,,
2019-07-04 12:00,상주하수,47A0011,1,36.4229,128.187579,20060203,2006020300,,,,20060203,2006020300,20060301,2006030100,20060202,2006020200,20060201,2006020100,20060107,2006010700,20060301,2006030100, , ,20060203,2006020300,6.5,8.6,,2.7,6.359,0.019,740.8,,4.2,0,0,,,,,,,,,,,,,
2019-07-05 12:00,상주하수,47A0011,1,36.4229,128.187579,20060203,2006020300,,,,20060203,2006020300,20060301,2006030100,20060202,2006020200,20060201,2006020100,20060107,2006010700,20060301,2006030100, , ,20060203,2006020300,6.4,8.8,,2.8,6.405,0.02,803.8,,4.2,0,0,,,,,,,,,,,,,
2019-07-06 12:00,상주하수,47A0011,1,36.4229,128.187579,20060203,2006020300,,,,20060203,2006020300,20060301,2006030100,20060202,2006020200,20060201,2006020100,20060107,2006010700,20060301,2006030100, , ,20060203,2006020300,6.4,8.5,,2.7,6.275,0.019,776.3,,4.2,0,0,,,,,,,,,,,,,
2019-07-07 12:00,상주하수,47A0011,1,36.4229,128.187579,20060203,2006020300,,,,20060203,2006020300,20060301,2006030100,20060202,2006020200,20060201,2006020100,20060107,2006010700,20060301,2006030100, , ,20060203,2006020300,6.5,8.6,,2.8,6.281,0.017,765.4,,4.2,0,0,,,,,,,,,,,,,
2019-07-08 12:00,상주하수,47A0011,1,36.4229,128.187579,20060203,2006020300,,,,20060203,2006020300,20060301,2006030100,20060202,2006020200,20060201,2006020100,20060107,2006010700,20060301,2006030100, , ,20060203,2006020300,6.4,8.7,,2.8,6.86,0.018,772.9,,4.2,0,0,,,,,,,,,,,,,
2019-07-09 12:00,상주하수,47A0011,1,36.4229,128.187579,20060203,2006020300,,,,20060203,2006020300,20060301,2006030100,20060202,2006020200,20060201,2006020100,20060107,2006010700,20060301,2006030100, , ,20060203,2006020300,6.4,8.7,,2.7,6.935,0.017,779.6,,4.2,0,0,,,,,,,,,,,,,
2019-07-10 12:00,상주하수,47A0011,1,36.4229,128.187579,20060203,2006020300,,,,20060203,2006020300,20060301,2006030100,20060202,2006020200,20060201,2006020100,20060107,2006010700,20060301,2006030100, , ,20060203,2006020300,6.4,8.9,,7.3,7.05,0.15,934.6,,4.2,0,0,,,,,,,,,,,,,
2019-07-11 12:00,상주하수,47A0011,1,36.4229,128.187579,20060203,2006020300,,,,20060203,2006020300,20060301,2006030100,20060202,2006020200,20060201,2006020100,20060107,2006010700,20060301,2006030100, , ,20060203,2006020300,6.3,9,,9.6,6.048,0.371,1179.6,,4.2,0,0,,,,,,,,,,,,,
2019-07-12 12:00,상주하수,47A0011,1,36.4229,128.187579,20060203,2006020300,,,,20060203,2006020300,20060301,2006030100,20060202,2006020200,20060201,2006020100,20060107,2006010700,20060301,2006030100, , ,20060203,2006020300,6.4,8.8,,2.5,6.125,0.021,878.8,,4.2,0,0,,,,,,,,,,,,,
2019-07-13 12:00,상주하수,47A0011,1,36.4229,128.187579,20060203,2006020300,,,,20060203,2006020300,20060301,2006030100,20060202,2006020200,20060201,2006020100,20060107,2006010700,20060301,2006030100, , ,20060203,2006020300,6.4,8.9,,2.6,5.944,0.034,856.7,,4.2,0,0,,,,,,,,,,,,,
2019-07-14 12:00,상주하수,47A0011,1,36.4229,128.187579,20060203,2006020300,,,,20060203,2006020300,20060301,2006030100,20060202,2006020200,20060201,2006020100,20060107,2006010700,20060301,2006030100, , ,20060203,2006020300,6.4,9.4,,9.9,5.657,0.048,1075,,4.2,0,0,,,,,,,,,,,,,
2019-07-15 12:00,상주하수,47A0011,1,36.4229,128.187579,20060203,2006020300,,,,20060203,2006020300,20060301,2006030100,20060202,2006020200,20060201,2006020100,20060107,2006010700,20060301,2006030100, , ,20060203,2006020300,6.4,9,,3.4,4.711,0.021,820,,4.2,0,0,,,,,,,,,,,,,
2019-07-16 12:00,상주하수,47A0011,1,36.4229,128.187579,20060203,2006020300,,,,20060203,2006020300,20060301,2006030100,20060202,2006020200,20060201,2006020100,20060107,2006010700,20060301,2006030100, , ,20060203,2006020300,6.5,9,,2.8,5.844,0.019,885.4,,4.2,0,0,,,,,,,,,,,,,
2019-07-17 12:00,상주하수,47A0011,1,36.4229,128.187579,20060203,2006020300,,,,20060203,2006020300,20060301,2006030100,20060202,2006020200,20060201,2006020100,20060107,2006010700,20060301,2006030100, , ,20060203,2006020300,6.4,9.1,,2.8,5.736,0.02,870.8,,4.2,0,0,,,,,,,,,,,,,
2019-07-18 12:00,상주하수,47A0011,1,36.4229,128.187579,20060203,2006020300,,,,20060203,2006020300,20060301,2006030100,20060202,2006020200,20060201,2006020100,20060107,2006010700,20060301,2006030100, , ,20060203,2006020300,6.5,9.3,,7.3,5.418,0.215,1052.9,,4.2,0,0,,,,,,,,,,,,,
2019-07-19 12:00,상주하수,47A0011,1,36.4229,128.187579,20060203,2006020300,,,,20060203,2006020300,20060301,2006030100,20060202,2006020200,20060201,2006020100,20060107,2006010700,20060301,2006030100, , ,20060203,2006020300,6.4,9.2,,2.7,5.004,0.027,868.3,,4.2,0,0,,,,,,,,,,,,,
2019-07-20 12:00,상주하수,47A0011,1,36.4229,128.187579,20060203,2006020300,,,,20060203,2006020300,20060301,2006030100,20060202,2006020200,20060201,2006020100,20060107,2006010700,20060301,2006030100, , ,20060203,2006020300,6.6,10,,15.5,4.596,0.127,1443.8,,4.2,0,0,,,,,,,,,,,,,
2019-07-21 12:00,상주하수,47A0011,1,36.4229,128.187579,20060203,2006020300,,,,20060203,2006020300,20060301,2006030100,20060202,2006020200,20060201,2006020100,20060107,2006010700,20060301,2006030100, , ,20060203,2006020300,6.7,10.1,,20.8,3.546,0.346,2124.6,,4.2,0,0,,,,,,,,,,,,,
2019-07-22 12:00,상주하수,47A0011,1,36.4229,128.187579,20060203,2006020300,,,,20060203,2006020300,20060301,2006030100,20060202,2006020200,20060201,2006020100,20060107,2006010700,20060301,2006030100, , ,20060203,2006020300,6.5,9.3,,4.5,2.46,0.151,1031.3,,4.2,0,0,,,,,,,,,,,,,
2019-07-23 12:00,상주하수,47A0011,1,36.4229,128.187579,20060203,2006020300,,,,20060203,2006020300,20060301,2006030100,20060202,2006020200,20060201,2006020100,20060107,2006010700,20060301,2006030100, , ,20060203,2006020300,6.5,9,,2.7,2.308,0.066,1000.8,,4.2,0,0,,,,,,,,,,,,,
2019-07-24 12:00,상주하수,47A0011,1,36.4229,128.187579,20060203,2006020300,,,,20060203,2006020300,20060301,2006030100,20060202,2006020200,20060201,2006020100,20060107,2006010700,20060301,2006030100, , ,20060203,2006020300,6.4,9.1,,2.7,5.24,0.033,982.1,,4.1,0,0,,,,,,,,,,,,,
2019-07-25 12:00,상주하수,47A0011,1,36.4229,128.187579,20060203,2006020300,,,,20060203,2006020300,20060301,2006030100,20060202,2006020200,20060201,2006020100,20060107,2006010700,20060301,2006030100, , ,20060203,2006020300,6.4,9.1,,2.7,5.24,0.033,1789.2,,4.2,0,0,,,,,,,,,,,,,
2019-07-26 12:00,상주하수,47A0011,1,36.4229,128.187579,20060203,2006020300,,,,20060203,2006020300,20060301,2006030100,20060202,2006020200,20060201,2006020100,20060107,2006010700,20060301,2006030100, , ,20060203,2006020300,6.4,8.9,,2.7,5.184,0.031,979.2,,4.2,0,0,,,,,,,,,,,,,
2019-07-27 12:00,상주하수,47A0011,1,36.4229,128.187579,20060203,2006020300,,,,20060203,2006020300,20060301,2006030100,20060202,2006020200,20060201,2006020100,20060107,2006010700,20060301,2006030100, , ,20060203,2006020300,6.8,5.6,,2.9,3.741,0.021,1037.1,,4.2,0,0,,,,,,,,,,,,,
2019-07-28 12:00,상주하수,47A0011,1,36.4229,128.187579,20060203,2006020300,,,,20060203,2006020300,20060301,2006030100,20060202,2006020200,20060201,2006020100,20060107,2006010700,20060301,2006030100, , ,20060203,2006020300,6.9,4.3,,11.5,3.687,0.407,1305.4,,4.2,0,0,,,,,,,,,,,,,
2019-07-29 12:00,상주하수,47A0011,1,36.4229,128.187579,20060203,2006020300,,,,20060203,2006020300,20060301,2006030100,20060202,2006020200,20060201,2006020100,20060107,2006010700,20060301,2006030100, , ,20060203,2006020300,6.8,3,,3.4,3.91,0.027,932.1,,4.2,0,0,,,,,,,,,,,,,
2019-07-30 12:00,상주하수,47A0011,1,36.4229,128.187579,20060203,2006020300,,,,20060203,2006020300,20060301,2006030100,20060202,2006020200,20060201,2006020100,20060107,2006010700,20060301,2006030100, , ,20060203,2006020300,6.8,2.8,,3.2,3.964,0.026,965.8,,4.2,0,0,,,,,,,,,,,,,
2019-07-31 12:00,상주하수,47A0011,1,36.4229,128.187579,20060203,2006020300,,,,20060203,2006020300,20060301,2006030100,20060202,2006020200,20060201,2006020100,20060107,2006010700,20060301,2006030100, , ,20060203,2006020300,6.8,2.7,,3,4.088,0.025,939.2,,4.2,0,0,,,,,,,,,,,,,
2019-08-01 12:00,상주하수,47A0011,1,36.4229,128.187579,20060203,2006020300,,,,20060203,2006020300,20060301,2006030100,20060202,2006020200,20060201,2006020100,20060107,2006010700,20060301,2006030100, , ,20060203,2006020300,6.8,2.7,,3,4.155,0.026,944.2,,4.2,0,0,,,,,,,,,,,,,
2019-08-02 12:00,상주하수,47A0011,1,36.4229,128.187579,20060203,2006020300,,,,20060203,2006020300,20060301,2006030100,20060202,2006020200,20060201,2006020100,20060107,2006010700,20060301,2006030100, , ,20060203,2006020300,6.8,2.5,,2.9,3.971,0.027,929.2,,4.2,0,0,,,,,,,,,,,,,
2019-08-03 12:00,상주하수,47A0011,1,36.4229,128.187579,20060203,2006020300,,,,20060203,2006020300,20060301,2006030100,20060202,2006020200,20060201,2006020100,20060107,2006010700,20060301,2006030100, , ,20060203,2006020300,6.8,2.6,,3,4.307,0.026,932.5,,4.2,0,0,,,,,,,,,,,,,
2019-08-04 12:00,상주하수,47A0011,1,36.4229,128.187579,20060203,2006020300,,,,20060203,2006020300,20060301,2006030100,20060202,2006020200,20060201,2006020100,20060107,2006010700,20060301,2006030100, , ,20060203,2006020300,6.8,2.7,,3,4.474,0.012,905.8,,4.2,0,0,,,,,,,,,,,,,
2019-08-05 12:00,상주하수,47A0011,1,36.4229,128.187579,20060203,2006020300,,,,20060203,2006020300,20060301,2006030100,20060202,2006020200,20060201,2006020100,20060107,2006010700,20060301,2006030100, , ,20060203,2006020300,6.8,2.7,,2.9,4.509,0.007,916.7,,4.2,0,0,,,,,,,,,,,,,
2019-08-06 12:00,상주하수,47A0011,1,36.4229,128.187579,20060203,2006020300,,,,20060203,2006020300,20060301,2006030100,20060202,2006020200,20060201,2006020100,20060107,2006010700,20060301,2006030100, , ,20060203,2006020300,6.8,2.8,,2.7,4.181,0.007,937.5,,4.2,0,0,,,,,,,,,,,,,
2019-08-07 12:00,상주하수,47A0011,1,36.4229,128.187579,20060203,2006020300,,,,20060203,2006020300,20060301,2006030100,20060202,2006020200,20060201,2006020100,20060107,2006010700,20060301,2006030100, , ,20060203,2006020300,6.8,3,,9.2,3.752,0.037,1165,,4.2,0,0,,,,,,,,,,,,,
2019-08-08 12:00,상주하수,47A0011,1,36.4229,128.187579,20060203,2006020300,,,,20060203,2006020300,20060301,2006030100,20060202,2006020200,20060201,2006020100,20060107,2006010700,20060301,2006030100, , ,20060203,2006020300,6.8,3.2,,2.7,3.97,0.015,942.5,,4.2,0,0,,,,,,,,,,,,,
2019-08-09 12:00,상주하수,47A0011,1,36.4229,128.187579,20060203,2006020300,,,,20060203,2006020300,20060301,2006030100,20060202,2006020200,20060201,2006020100,20060107,2006010700,20060301,2006030100, , ,20060203,2006020300,6.8,3.3,,2.4,3.858,0.01,957.9,,4.2,0,0,,,,,,,,,,,,,
2019-08-10 12:00,상주하수,47A0011,1,36.4229,128.187579,20060203,2006020300,,,,20060203,2006020300,20060301,2006030100,20060202,2006020200,20060201,2006020100,20060107,2006010700,20060301,2006030100, , ,20060203,2006020300,6.8,10.2,,2.4,4.062,0.01,943.8,,4.2,0,0,,,,,,,,,,,,,
2019-08-11 12:00,상주하수,47A0011,1,36.4229,128.187579,20060203,2006020300,,,,20060203,2006020300,20060301,2006030100,20060202,2006020200,20060201,2006020100,20060107,2006010700,20060301,2006030100, , ,20060203,2006020300,6.9,8.5,,2.4,4.306,0.01,899.2,,4.2,0,0,,,,,,,,,,,,,
2019-08-12 12:00,상주하수,47A0011,1,36.4229,128.187579,20060203,2006020300,,,,20060203,2006020300,20060301,2006030100,20060202,2006020200,20060201,2006020100,20060107,2006010700,20060301,2006030100, , ,20060203,2006020300,6.8,6.4,,2.6,4.546,0.011,898.8,,4.2,0,0,,,,,,,,,,,,,
2019-08-13 12:00,상주하수,47A0011,1,36.4229,128.187579,20060203,2006020300,,,,20060203,2006020300,20060301,2006030100,20060202,2006020200,20060201,2006020100,20060107,2006010700,20060301,2006030100, , ,20060203,2006020300,6.8,5.1,,2.8,4.496,0.012,919.2,,4.2,0,0,,,,,,,,,,,,,
2019-08-14 12:00,상주하수,47A0011,1,36.4229,128.187579,20060203,2006020300,,,,20060203,2006020300,20060301,2006030100,20060202,2006020200,20060201,2006020100,20060107,2006010700,20060301,2006030100, , ,20060203,2006020300,6.8,3.6,,2.5,4.305,0.009,932.9,,4.2,0,0,,,,,,,,,,,,,
2019-08-15 12:00,상주하수,47A0011,1,36.4229,128.187579,20060203,2006020300,,,,20060203,2006020300,20060301,2006030100,20060202,2006020200,20060201,2006020100,20060107,2006010700,20060301,2006030100, , ,20060203,2006020300,6.8,2.2,,2.3,4.494,0.008,899.6,,4.2,0,0,,,,,,,,,,,,,
2019-08-16 12:00,상주하수,47A0011,1,36.4229,128.187579,20060203,2006020300,,,,20060203,2006020300,20060301,2006030100,20060202,2006020200,20060201,2006020100,20060107,2006010700,20060301,2006030100, , ,20060203,2006020300,6.8,1.9,,2.3,4.773,0.009,872.5,,4.2,0,0,,,,,,,,,,,,,
2019-08-17 12:00,상주하수,47A0011,1,36.4229,128.187579,20060203,2006020300,,,,20060203,2006020300,20060301,2006030100,20060202,2006020200,20060201,2006020100,20060107,2006010700,20060301,2006030100, , ,20060203,2006020300,6.9,1.6,,2.3,4.841,0.007,865.4,,4.2,0,0,,,,,,,,,,,,,
2019-08-18 12:00,상주하수,47A0011,1,36.4229,128.187579,20060203,2006020300,,,,20060203,2006020300,20060301,2006030100,20060202,2006020200,20060201,2006020100,20060107,2006010700,20060301,2006030100, , ,20060203,2006020300,6.8,1.1,,2.4,4.948,0.006,832.5,,4.2,0,0,,,,,,,,,,,,,
2019-08-19 12:00,상주하수,47A0011,1,36.4229,128.187579,20060203,2006020300,,,,20060203,2006020300,20060301,2006030100,20060202,2006020200,20060201,2006020100,20060107,2006010700,20060301,2006030100, , ,20060203,2006020300,6.8,0.7,,2.4,5.741,0.005,867.5,,4.2,0,0,,,,,,,,,,,,,
2019-08-20 12:00,상주하수,47A0011,1,36.4229,128.187579,20060203,2006020300,,,,20060203,2006020300,20060301,2006030100,20060202,2006020200,20060201,2006020100,20060107,2006010700,20060301,2006030100, , ,20060203,2006020300,6.8,2.8,,2.6,5.807,0.008,837.9,,4.2,0,0,,,,,,,,,,,,,
2019-08-21 12:00,상주하수,47A0011,1,36.4229,128.187579,20060203,2006020300,,,,20060203,2006020300,20060301,2006030100,20060202,2006020200,20060201,2006020100,20060107,2006010700,20060301,2006030100, , ,20060203,2006020300,6.8,7,,2.9,5.518,0.009,872.9,,4.2,0,0,,,,,,,,,,,,,
2019-08-22 12:00,상주하수,47A0011,1,36.4229,128.187579,20060203,2006020300,,,,20060203,2006020300,20060301,2006030100,20060202,2006020200,20060201,2006020100,20060107,2006010700,20060301,2006030100, , ,20060203,2006020300,6.9,9.8,,14.8,5.153,0.577,1581.7,,4.2,0,0,,,,,,,,,,,,,
2019-08-23 12:00,상주하수,47A0011,1,36.4229,128.187579,20060203,2006020300,,,,20060203,2006020300,20060301,2006030100,20060202,2006020200,20060201,2006020100,20060107,2006010700,20060301,2006030100, , ,20060203,2006020300,6.8,7.7,,2.4,4.775,0.023,952.1,,4.2,0,0,,,,,,,,,,,,,
2019-08-24 12:00,상주하수,47A0011,1,36.4229,128.187579,20060203,2006020300,,,,20060203,2006020300,20060301,2006030100,20060202,2006020200,20060201,2006020100,20060107,2006010700,20060301,2006030100, , ,20060203,2006020300,6.8,8.2,,2.4,5.149,0.031,931.3,,4.2,0,0,,,,,,,,,,,,,
2019-08-25 12:00,상주하수,47A0011,1,36.4229,128.187579,20060203,2006020300,,,,20060203,2006020300,20060301,2006030100,20060202,2006020200,20060201,2006020100,20060107,2006010700,20060301,2006030100, , ,20060203,2006020300,6.9,8.5,,2.4,5.05,0.02,886.7,,4.2,0,0,,,,,,,,,,,,,
2019-08-26 12:00,상주하수,47A0011,1,36.4229,128.187579,20060203,2006020300,,,,20060203,2006020300,20060301,2006030100,20060202,2006020200,20060201,2006020100,20060107,2006010700,20060301,2006030100, , ,20060203,2006020300,6.9,8.6,,2.5,4.947,0.009,883.8,,4.2,0,0,,,,,,,,,,,,,
2019-08-27 12:00,상주하수,47A0011,1,36.4229,128.187579,20060203,2006020300,,,,20060203,2006020300,20060301,2006030100,20060202,2006020200,20060201,2006020100,20060107,2006010700,20060301,2006030100, , ,20060203,2006020300,6.9,10,,12.3,5.277,0.47,1221.7,,4.2,0,0,,,,,,,,,,,,,
2019-08-28 12:00,상주하수,47A0011,1,36.4229,128.187579,20060203,2006020300,,,,20060203,2006020300,20060301,2006030100,20060202,2006020200,20060201,2006020100,20060107,2006010700,20060301,2006030100, , ,20060203,2006020300,6.8,8.4,,2.7,4.851,0.013,906.3,,4.2,0,0,,,,,,,,,,,,,
2019-08-29 12:00,상주하수,47A0011,1,36.4229,128.187579,20060203,2006020300,,,,20060203,2006020300,20060301,2006030100,20060202,2006020200,20060201,2006020100,20060107,2006010700,20060301,2006030100, , ,20060203,2006020300,6.9,9.2,,6.6,4.848,0.18,1118.8,,4.2,0,0,,,,,,,,,,,,,
2019-08-30 12:00,상주하수,47A0011,1,36.4229,128.187579,20060203,2006020300,,,,20060203,2006020300,20060301,2006030100,20060202,2006020200,20060201,2006020100,20060107,2006010700,20060301,2006030100, , ,20060203,2006020300,6.8,8.8,,2.6,4.843,0.024,943.3,,4.2,0,0,,,,,,,,,,,,,
2019-08-31 12:00,상주하수,47A0011,1,36.4229,128.187579,20060203,2006020300,,,,20060203,2006020300,20060301,2006030100,20060202,2006020200,20060201,2006020100,20060107,2006010700,20060301,2006030100, , ,20060203,2006020300,6.9,8.7,,2.7,4.917,0.041,950,,4.2,0,0,,,,,,,,,,,,,
2019-09-01 12:00,상주하수,47A0011,1,36.4229,128.187579,20060203,2006020300,,,,20060203,2006020300,20060301,2006030100,20060202,2006020200,20060201,2006020100,20060107,2006010700,20060301,2006030100, , ,20060203,2006020300,6.9,8.7,,2.8,5.098,0.013,906.7,,4.2,0,0,,,,,,,,,,,,,
2019-09-02 12:00,상주하수,47A0011,1,36.4229,128.187579,20060203,2006020300,,,,20060203,2006020300,20060301,2006030100,20060202,2006020200,20060201,2006020100,20060107,2006010700,20060301,2006030100, , ,20060203,2006020300,6.8,9.2,,2.8,5.292,0.011,928.3,,4.2,0,0,,,,,,,,,,,,,
2019-09-03 12:00,상주하수,47A0011,1,36.4229,128.187579,20060203,2006020300,,,,20060203,2006020300,20060301,2006030100,20060202,2006020200,20060201,2006020100,20060107,2006010700,20060301,2006030100, , ,20060203,2006020300,6.8,9.2,,2.7,6.284,0.008,1052.1,,4.2,0,0,,,,,,,,,,,,,
2019-09-04 12:00,상주하수,47A0011,1,36.4229,128.187579,20060203,2006020300,,,,20060203,2006020300,20060301,2006030100,20060202,2006020200,20060201,2006020100,20060107,2006010700,20060301,2006030100, , ,20060203,2006020300,6.7,9.3,,2.6,5.953,0.009,960.8,,4.2,0,0,,,,,,,,,,,,,
2019-09-05 12:00,상주하수,47A0011,1,36.4229,128.187579,20060203,2006020300,,,,20060203,2006020300,20060301,2006030100,20060202,2006020200,20060201,2006020100,20060107,2006010700,20060301,2006030100, , ,20060203,2006020300,6.7,9.5,,2.6,5.629,0.009,980,,4.2,0,0,,,,,,,,,,,,,
2019-09-06 12:00,상주하수,47A0011,1,36.4229,128.187579,20060203,2006020300,,,,20060203,2006020300,20060301,2006030100,20060202,2006020200,20060201,2006020100,20060107,2006010700,20060301,2006030100, , ,20060203,2006020300,6.8,9.6,,2.6,5.501,0.009,1001.7,,4.2,0,0,,,,,,,,,,,,,
2019-09-07 12:00,상주하수,47A0011,1,36.4229,128.187579,20060203,2006020300,,,,20060203,2006020300,20060301,2006030100,20060202,2006020200,20060201,2006020100,20060107,2006010700,20060301,2006030100, , ,20060203,2006020300,6.8,9.3,,2.5,5.559,0.009,1023.8,,4.2,0,0,,,,,,,,,,,,,
2019-09-08 12:00,상주하수,47A0011,1,36.4229,128.187579,20060203,2006020300,,,,20060203,2006020300,20060301,2006030100,20060202,2006020200,20060201,2006020100,20060107,2006010700,20060301,2006030100, , ,20060203,2006020300,6.8,9.4,,2.5,5.335,0.008,1006.3,,4.2,0,0,,,,,,,,,,,,,
2019-09-09 12:00,상주하수,47A0011,1,36.4229,128.187579,20060203,2006020300,,,,20060203,2006020300,20060301,2006030100,20060202,2006020200,20060201,2006020100,20060107,2006010700,20060301,2006030100, , ,20060203,2006020300,6.8,9.9,,2.5,5.03,0.008,1000.4,,4.2,0,0,,,,,,,,,,,,,
2019-09-10 12:00,상주하수,47A0011,1,36.4229,128.187579,20060203,2006020300,,,,20060203,2006020300,20060301,2006030100,20060202,2006020200,20060201,2006020100,20060107,2006010700,20060301,2006030100, , ,20060203,2006020300,6.8,9.8,,2.5,5.021,0.009,1047.1,,4.2,0,0,,,,,,,,,,,,,
2019-09-11 12:00,상주하수,47A0011,1,36.4229,128.187579,20060203,2006020300,,,,20060203,2006020300,20060301,2006030100,20060202,2006020200,20060201,2006020100,20060107,2006010700,20060301,2006030100, , ,20060203,2006020300,6.8,10.2,,2.6,4.709,0.008,1029.6,,4.2,0,0,,,,,,,,,,,,,
2019-09-12 12:00,상주하수,47A0011,1,36.4229,128.187579,20060203,2006020300,,,,20060203,2006020300,20060301,2006030100,20060202,2006020200,20060201,2006020100,20060107,2006010700,20060301,2006030100, , ,20060203,2006020300,6.8,10.3,,2.6,4.8,0.009,1068.8,,4.2,0,0,,,,,,,,,,,,,
2019-09-13 12:00,상주하수,47A0011,1,36.4229,128.187579,20060203,2006020300,,,,20060203,2006020300,20060301,2006030100,20060202,2006020200,20060201,2006020100,20060107,2006010700,20060301,2006030100, , ,20060203,2006020300,6.8,10.6,,2.6,4.908,0.009,1076.3,,4.2,0,0,,,,,,,,,,,,,
2019-09-14 12:00,상주하수,47A0011,1,36.4229,128.187579,20060203,2006020300,,,,20060203,2006020300,20060301,2006030100,20060202,2006020200,20060201,2006020100,20060107,2006010700,20060301,2006030100, , ,20060203,2006020300,6.7,10.9,,2.6,6.116,0.009,996.7,,4.2,0,0,,,,,,,,,,,,,
2019-09-15 12:00,상주하수,47A0011,1,36.4229,128.187579,20060203,2006020300,,,,20060203,2006020300,20060301,2006030100,20060202,2006020200,20060201,2006020100,20060107,2006010700,20060301,2006030100, , ,20060203,2006020300,6.7,10.8,,2.6,5.612,0.009,953.3,,4.2,0,0,,,,,,,,,,,,,
2019-09-16 12:00,상주하수,47A0011,1,36.4229,128.187579,20060203,2006020300,,,,20060203,2006020300,20060301,2006030100,20060202,2006020200,20060201,2006020100,20060107,2006010700,20060301,2006030100, , ,20060203,2006020300,6.8,10.8,,2.6,5.108,0.009,947.5,,4.2,0,0,,,,,,,,,,,,,
2019-09-17 12:00,상주하수,47A0011,1,36.4229,128.187579,20060203,2006020300,,,,20060203,2006020300,20060301,2006030100,20060202,2006020200,20060201,2006020100,20060107,2006010700,20060301,2006030100, , ,20060203,2006020300,6.8,11,,2.5,5.089,0.008,909.2,,4.2,0,0,,,,,,,,,,,,,
2019-09-18 12:00,상주하수,47A0011,1,36.4229,128.187579,20060203,2006020300,,,,20060203,2006020300,20060301,2006030100,20060202,2006020200,20060201,2006020100,20060107,2006010700,20060301,2006030100, , ,20060203,2006020300,6.8,11,,2.5,5.38,0.008,846.7,,4.2,0,0,,,,,,,,,,,,,
2019-09-19 12:00,상주하수,47A0011,1,36.4229,128.187579,20060203,2006020300,,,,20060203,2006020300,20060301,2006030100,20060202,2006020200,20060201,2006020100,20060107,2006010700,20060301,2006030100, , ,20060203,2006020300,6.8,8.2,,2.8,5.811,0.008,785.8,,4.2,0,0,,,,,,,,,,,,,
2019-09-20 12:00,상주하수,47A0011,1,36.4229,128.187579,20060203,2006020300,,,,20060203,2006020300,20060301,2006030100,20060202,2006020200,20060201,2006020100,20060107,2006010700,20060301,2006030100, , ,20060203,2006020300,6.8,3.4,,3.2,6.591,0.008,781.7,,4.2,0,0,,,,,,,,,,,,,
2019-09-21 12:00,상주하수,47A0011,1,36.4229,128.187579,20060203,2006020300,,,,20060203,2006020300,20060301,2006030100,20060202,2006020200,20060201,2006020100,20060107,2006010700,20060301,2006030100, , ,20060203,2006020300,6.8,4.3,,11,7.398,0.314,1172.9,,4.2,0,0,,,,,,,,,,,,,
2019-09-22 12:00,상주하수,47A0011,1,36.4229,128.187579,20060203,2006020300,,,,20060203,2006020300,20060301,2006030100,20060202,2006020200,20060201,2006020100,20060107,2006010700,20060301,2006030100, , ,20060203,2006020300,7,2.3,,19.9,4.854,0.78,2734.6,,4.2,0,0,,,,,,,,,,,,,
2019-09-23 12:00,상주하수,47A0011,1,36.4229,128.187579,20060203,2006020300,,,,20060203,2006020300,20060301,2006030100,20060202,2006020200,20060201,2006020100,20060107,2006010700,20060301,2006030100, , ,20060203,2006020300,7,1.6,,12.5,3.606,0.469,1579.6,,4.2,0,0,,,,,,,,,,,,,
2019-09-24 12:00,상주하수,47A0011,1,36.4229,128.187579,20060203,2006020300,,,,20060203,2006020300,20060301,2006030100,20060202,2006020200,20060201,2006020100,20060107,2006010700,20060301,2006030100, , ,20060203,2006020300,6.8,0,,3.3,5.103,0.067,994.2,,4.2,0,0,,,,,,,,,,,,,
2019-09-25 12:00,상주하수,47A0011,1,36.4229,128.187579,20060203,2006020300,,,,20060203,2006020300,20060301,2006030100,20060202,2006020200,20060201,2006020100,20060107,2006010700,20060301,2006030100, , ,20060203,2006020300,6.7,8.7,,3.4,5.249,0.032,976.3,,4.2,0,0,,,,,,,,,,,,,
2019-09-26 12:00,상주하수,47A0011,1,36.4229,128.187579,20060203,2006020300,,,,20060203,2006020300,20060301,2006030100,20060202,2006020200,20060201,2006020100,20060107,2006010700,20060301,2006030100, , ,20060203,2006020300,6.8,8.9,,2.9,3.783,0.018,961.3,,4.2,0,0,,,,,,,,,,,,,
2019-09-27 12:00,상주하수,47A0011,1,36.4229,128.187579,20060203,2006020300,,,,20060203,2006020300,20060301,2006030100,20060202,2006020200,20060201,2006020100,20060107,2006010700,20060301,2006030100, , ,20060203,2006020300,6.8,8.9,,2.9,6.606,0.017,930.8,,4.2,0,0,,,,,,,,,,,,,
2019-09-28 12:00,상주하수,47A0011,1,36.4229,128.187579,20060203,2006020300,,,,20060203,2006020300,20060301,2006030100,20060202,2006020200,20060201,2006020100,20060107,2006010700,20060301,2006030100, , ,20060203,2006020300,6.7,9.1,,2.9,6.338,0.011,961.3,,4.2,0,0,,,,,,,,,,,,,
2019-09-29 12:00,상주하수,47A0011,1,36.4229,128.187579,20060203,2006020300,,,,20060203,2006020300,20060301,2006030100,20060202,2006020200,20060201,2006020100,20060107,2006010700,20060301,2006030100, , ,20060203,2006020300,6.7,9,,2.9,6.058,0.007,932.5,,4.2,0,0,,,,,,,,,,,,,
2019-09-30 12:00,상주하수,47A0011,1,36.4229,128.187579,20060203,2006020300,,,,20060203,2006020300,20060301,2006030100,20060202,2006020200,20060201,2006020100,20060107,2006010700,20060301,2006030100, , ,20060203,2006020300,6.7,9.2,,2.9,6.092,0.007,914.6,,4.2,0,0,,,,,,,,,,,,,
2019-10-01 12:00,상주하수,47A0011,1,36.4229,128.187579,20060203,2006020300,,,,20060203,2006020300,20060301,2006030100,20060202,2006020200,20060201,2006020100,20060107,2006010700,20060301,2006030100, , ,20060203,2006020300,6.7,9.5,,2.9,6.237,0.007,977.9,,4.2,0,0,,,,,,,,,,,,,
2019-10-02 12:00,상주하수,47A0011,1,36.4229,128.187579,20060203,2006020300,,,,20060203,2006020300,20060301,2006030100,20060202,2006020200,20060201,2006020100,20060107,2006010700,20060301,2006030100, , ,20060203,2006020300,6.8,10.3,,16.4,6.396,0.517,1974.2,,4.2,0,0,,,,,,,,,,,,,
2019-10-03 12:00,상주하수,47A0011,1,36.4229,128.187579,20060203,2006020300,,,,20060203,2006020300,20060301,2006030100,20060202,2006020200,20060201,2006020100,20060107,2006010700,20060301,2006030100, , ,20060203,2006020300,6.9,10.1,,19.2,1.762,0.059,2670,,4.2,0,0,,,,,,,,,,,,,
2019-10-04 12:00,상주하수,47A0011,1,36.4229,128.187579,20060203,2006020300,,,,20060203,2006020300,20060301,2006030100,20060202,2006020200,20060201,2006020100,20060107,2006010700,20060301,2006030100, , ,20060203,2006020300,6.9,10.2,,10.4,0.403,0.003,1567.5,,4.2,0,0,,,,,,,,,,,,,
2019-10-05 12:00,상주하수,47A0011,1,36.4229,128.187579,20060203,2006020300,,,,20060203,2006020300,20060301,2006030100,20060202,2006020200,20060201,2006020100,20060107,2006010700,20060301,2006030100, , ,20060203,2006020300,6.8,10,,4.6,0.453,0.002,1140.4,,4.2,0,0,,,,,,,,,,,,,
2019-10-06 12:00,상주하수,47A0011,1,36.4229,128.187579,20060203,2006020300,,,,20060203,2006020300,20060301,2006030100,20060202,2006020200,20060201,2006020100,20060107,2006010700,20060301,2006030100, , ,20060203,2006020300,6.7,10.1,,2.9,5.073,0.025,1008.3,,4.2,0,0,,,,,,,,,,,,,
2019-10-07 12:00,상주하수,47A0011,1,36.4229,128.187579,20060203,2006020300,,,,20060203,2006020300,20060301,2006030100,20060202,2006020200,20060201,2006020100,20060107,2006010700,20060301,2006030100, , ,20060203,2006020300,6.7,9.5,,2.9,5.916,0.025,1034.2,,4.2,0,0,,,,,,,,,,,,,
2019-10-08 12:00,상주하수,47A0011,1,36.4229,128.187579,20060203,2006020300,,,,20060203,2006020300,20060301,2006030100,20060202,2006020200,20060201,2006020100,20060107,2006010700,20060301,2006030100, , ,20060203,2006020300,6.7,9.3,,2.8,6.745,0.03,996.7,,4.2,0,0,,,,,,,,,,,,,
2019-10-09 12:00,상주하수,47A0011,1,36.4229,128.187579,20060203,2006020300,,,,20060203,2006020300,20060301,2006030100,20060202,2006020200,20060201,2006020100,20060107,2006010700,20060301,2006030100, , ,20060203,2006020300,6.7,9.6,,3,6.512,0.069,959.6,,4.2,0,0,,,,,,,,,,,,,
2019-10-10 12:00,상주하수,47A0011,1,36.4229,128.187579,20060203,2006020300,,,,20060203,2006020300,20060301,2006030100,20060202,2006020200,20060201,2006020100,20060107,2006010700,20060301,2006030100, , ,20060203,2006020300,6.6,9.6,,3,6.679,0.044,938.3,,4.2,0,0,,,,,,,,,,,,,
2019-10-11 12:00,상주하수,47A0011,1,36.4229,128.187579,20060203,2006020300,,,,20060203,2006020300,20060301,2006030100,20060202,2006020200,20060201,2006020100,20060107,2006010700,20060301,2006030100, , ,20060203,2006020300,6.7,9.8,,2.8,6.879,0.024,929.2,,4.2,0,0,,,,,,,,,,,,,
2019-10-12 12:00,상주하수,47A0011,1,36.4229,128.187579,20060203,2006020300,,,,20060203,2006020300,20060301,2006030100,20060202,2006020200,20060201,2006020100,20060107,2006010700,20060301,2006030100, , ,20060203,2006020300,6.8,10,,2.9,6.681,0.019,928.8,,4.2,0,0,,,,,,,,,,,,,
2019-10-13 12:00,상주하수,47A0011,1,36.4229,128.187579,20060203,2006020300,,,,20060203,2006020300,20060301,2006030100,20060202,2006020200,20060201,2006020100,20060107,2006010700,20060301,2006030100, , ,20060203,2006020300,6.8,10.3,,2.9,6.808,0.01,923.3,,4.2,0,0,,,,,,,,,,,,,
2019-10-14 12:00,상주하수,47A0011,1,36.4229,128.187579,20060203,2006020300,,,,20060203,2006020300,20060301,2006030100,20060202,2006020200,20060201,2006020100,20060107,2006010700,20060301,2006030100, , ,20060203,2006020300,6.8,10.5,,2.9,7.216,0.013,889.2,,4.2,0,0,,,,,,,,,,,,,
2019-10-15 12:00,상주하수,47A0011,1,36.4229,128.187579,20060203,2006020300,,,,20060203,2006020300,20060301,2006030100,20060202,2006020200,20060201,2006020100,20060107,2006010700,20060301,2006030100, , ,20060203,2006020300,6.8,10.5,,2.7,7.159,0.009,892.9,,4.2,0,0,,,,,,,,,,,,,
2019-10-16 12:00,상주하수,47A0011,1,36.4229,128.187579,20060203,2006020300,,,,20060203,2006020300,20060301,2006030100,20060202,2006020200,20060201,2006020100,20060107,2006010700,20060301,2006030100, , ,20060203,2006020300,6.8,10.6,,2.7,7.202,0.009,882.1,,4.2,0,0,,,,,,,,,,,,,
2019-10-17 12:00,상주하수,47A0011,1,36.4229,128.187579,20060203,2006020300,,,,20060203,2006020300,20060301,2006030100,20060202,2006020200,20060201,2006020100,20060107,2006010700,20060301,2006030100, , ,20060203,2006020300,6.8,10.7,,2.7,7.178,0.016,890.8,,4.2,0,0,,,,,,,,,,,,,
2019-10-18 12:00,상주하수,47A0011,1,36.4229,128.187579,20060203,2006020300,,,,20060203,2006020300,20060301,2006030100,20060202,2006020200,20060201,2006020100,20060107,2006010700,20060301,2006030100, , ,20060203,2006020300,6.8,8.6,,2.7,7.305,0.009,919.6,,4.2,0,0,,,,,,,,,,,,,
2019-10-19 12:00,상주하수,47A0011,1,36.4229,128.187579,20060203,2006020300,,,,20060203,2006020300,20060301,2006030100,20060202,2006020200,20060201,2006020100,20060107,2006010700,20060301,2006030100, , ,20060203,2006020300,6.8,5.1,,2.5,7.031,0.008,864.2,,4.2,0,0,,,,,,,,,,,,,
2019-10-20 12:00,상주하수,47A0011,1,36.4229,128.187579,20060203,2006020300,,,,20060203,2006020300,20060301,2006030100,20060202,2006020200,20060201,2006020100,20060107,2006010700,20060301,2006030100, , ,20060203,2006020300,6.8,5.4,,2.5,7.055,0.008,894.6,,4.2,0,0,,,,,,,,,,,,,
2019-10-21 12:00,상주하수,47A0011,1,36.4229,128.187579,20060203,2006020300,,,,20060203,2006020300,20060301,2006030100,20060202,2006020200,20060201,2006020100,20060107,2006010700,20060301,2006030100, , ,20060203,2006020300,6.8,5.5,,2.6,7.495,0.008,846.3,,4.2,0,0,,,,,,,,,,,,,
2019-10-22 12:00,상주하수,47A0011,1,36.4229,128.187579,20060203,2006020300,,,,20060203,2006020300,20060301,2006030100,20060202,2006020200,20060201,2006020100,20060107,2006010700,20060301,2006030100, , ,20060203,2006020300,6.8,5.6,,2.8,7.635,0.009,852.5,,4.2,0,0,,,,,,,,,,,,,
2019-10-23 12:00,상주하수,47A0011,1,36.4229,128.187579,20060203,2006020300,,,,20060203,2006020300,20060301,2006030100,20060202,2006020200,20060201,2006020100,20060107,2006010700,20060301,2006030100, , ,20060203,2006020300,6.8,5.6,,2.6,7.778,0.01,830.8,,4.2,0,0,,,,,,,,,,,,,
2019-10-24 12:00,상주하수,47A0011,1,36.4229,128.187579,20060203,2006020300,,,,20060203,2006020300,20060301,2006030100,20060202,2006020200,20060201,2006020100,20060107,2006010700,20060301,2006030100, , ,20060203,2006020300,6.8,5.6,,2.6,7.916,0.009,815.8,,4.2,0,0,,,,,,,,,,,,,
2019-10-25 12:00,상주하수,47A0011,1,36.4229,128.187579,20060203,2006020300,,,,20060203,2006020300,20060301,2006030100,20060202,2006020200,20060201,2006020100,20060107,2006010700,20060301,2006030100, , ,20060203,2006020300,6.8,5.9,,2.6,7.341,0.014,825.8,,4.2,0,0,,,,,,,,,,,,,
2019-10-26 12:00,상주하수,47A0011,1,36.4229,128.187579,20060203,2006020300,,,,20060203,2006020300,20060301,2006030100,20060202,2006020200,20060201,2006020100,20060107,2006010700,20060301,2006030100, , ,20060203,2006020300,6.8,6.2,,2.6,6.997,0.016,802.5,,4.2,0,0,,,,,,,,,,,,,
2019-10-27 12:00,상주하수,47A0011,1,36.4229,128.187579,20060203,2006020300,,,,20060203,2006020300,20060301,2006030100,20060202,2006020200,20060201,2006020100,20060107,2006010700,20060301,2006030100, , ,20060203,2006020300,6.8,5.9,,2.6,7.227,0.009,793.3,,4.2,0,0,,,,,,,,,,,,,
2019-10-28 12:00,상주하수,47A0011,1,36.4229,128.187579,20060203,2006020300,,,,20060203,2006020300,20060301,2006030100,20060202,2006020200,20060201,2006020100,20060107,2006010700,20060301,2006030100, , ,20060203,2006020300,6.8,5.9,,2.6,7.901,0.012,808.3,,4.2,0,0,,,,,,,,,,,,,
2019-10-29 12:00,상주하수,47A0011,1,36.4229,128.187579,20060203,2006020300,,,,20060203,2006020300,20060301,2006030100,20060202,2006020200,20060201,2006020100,20060107,2006010700,20060301,2006030100, , ,20060203,2006020300,6.8,6.1,,2.6,7.872,0.023,799.2,,4.2,0,0,,,,,,,,,,,,,
2019-10-30 12:00,상주하수,47A0011,1,36.4229,128.187579,20060203,2006020300,,,,20060203,2006020300,20060301,2006030100,20060202,2006020200,20060201,2006020100,20060107,2006010700,20060301,2006030100, , ,20060203,2006020300,6.8,6,,2.6,7.714,0.053,820.4,,4.2,0,0,,,,,,,,,,,,,
2019-10-31 12:00,상주하수,47A0011,1,36.4229,128.187579,20060203,2006020300,,,,20060203,2006020300,20060301,2006030100,20060202,2006020200,20060201,2006020100,20060107,2006010700,20060301,2006030100, , ,20060203,2006020300,6.6,6.1,,2.7,8.088,0.033,802.9,,4.2,0,0,,,,,,,,,,,,,
2019-11-01 12:00,상주하수,47A0011,1,36.4229,128.187579,20060203,2006020300,,,,20060203,2006020300,20060301,2006030100,20060202,2006020200,20060201,2006020100,20060107,2006010700,20060301,2006030100, , ,20060203,2006020300,6.7,6,,2.6,7.844,0.02,797.5,,4.2,0,0,,,,,,,,,,,,,
2019-11-02 12:00,상주하수,47A0011,1,36.4229,128.187579,20060203,2006020300,,,,20060203,2006020300,20060301,2006030100,20060202,2006020200,20060201,2006020100,20060107,2006010700,20060301,2006030100, , ,20060203,2006020300,6.7,6.1,,2.6,7.722,0.026,756.7,,4.2,0,0,,,,,,,,,,,,,
2019-11-03 12:00,상주하수,47A0011,1,36.4229,128.187579,20060203,2006020300,,,,20060203,2006020300,20060301,2006030100,20060202,2006020200,20060201,2006020100,20060107,2006010700,20060301,2006030100, , ,20060203,2006020300,6.7,6.2,,2.6,8.082,0.024,767.5,,4.2,0,0,,,,,,,,,,,,,
2019-11-04 12:00,상주하수,47A0011,1,36.4229,128.187579,20060203,2006020300,,,,20060203,2006020300,20060301,2006030100,20060202,2006020200,20060201,2006020100,20060107,2006010700,20060301,2006030100, , ,20060203,2006020300,6.7,6.2,,2.6,8.397,0.02,790.4,,4.2,0,0,,,,,,,,,,,,,
2019-11-05 12:00,상주하수,47A0011,1,36.4229,128.187579,20060203,2006020300,,,,20060203,2006020300,20060301,2006030100,20060202,2006020200,20060201,2006020100,20060107,2006010700,20060301,2006030100, , ,20060203,2006020300,6.7,5.6,,2.9,7.623,0.013,768.8,,4.2,0,0,,,,,,,,,,,,,
2019-11-06 12:00,상주하수,47A0011,1,36.4229,128.187579,20060203,2006020300,,,,20060203,2006020300,20060301,2006030100,20060202,2006020200,20060201,2006020100,20060107,2006010700,20060301,2006030100, , ,20060203,2006020300,6.8,4.8,,3,7.968,0.008,777.1,,4.2,0,0,,,,,,,,,,,,,
2019-11-07 12:00,상주하수,47A0011,1,36.4229,128.187579,20060203,2006020300,,,,20060203,2006020300,20060301,2006030100,20060202,2006020200,20060201,2006020100,20060107,2006010700,20060301,2006030100, , ,20060203,2006020300,6.8,5.3,,3,8.111,0.012,784.2,,4.2,0,0,,,,,,,,,,,,,
2019-11-08 12:00,상주하수,47A0011,1,36.4229,128.187579,20060203,2006020300,,,,20060203,2006020300,20060301,2006030100,20060202,2006020200,20060201,2006020100,20060107,2006010700,20060301,2006030100, , ,20060203,2006020300,6.8,5.5,,2.7,8.279,0.007,762.5,,4.2,0,0,,,,,,,,,,,,,
2019-11-09 12:00,상주하수,47A0011,1,36.4229,128.187579,20060203,2006020300,,,,20060203,2006020300,20060301,2006030100,20060202,2006020200,20060201,2006020100,20060107,2006010700,20060301,2006030100, , ,20060203,2006020300,6.8,5.5,,2.7,8.172,0.007,781.3,,4.2,0,0,,,,,,,,,,,,,
2019-11-10 12:00,상주하수,47A0011,1,36.4229,128.187579,20060203,2006020300,,,,20060203,2006020300,20060301,2006030100,20060202,2006020200,20060201,2006020100,20060107,2006010700,20060301,2006030100, , ,20060203,2006020300,6.8,5.7,,2.7,8.466,0.007,771.7,,4.2,0,0,,,,,,,,,,,,,
2019-11-11 12:00,상주하수,47A0011,1,36.4229,128.187579,20060203,2006020300,,,,20060203,2006020300,20060301,2006030100,20060202,2006020200,20060201,2006020100,20060107,2006010700,20060301,2006030100, , ,20060203,2006020300,6.8,5.7,,2.8,8.73,0.008,808.8,,4.2,0,0,,,,,,,,,,,,,
2019-11-12 12:00,상주하수,47A0011,1,36.4229,128.187579,20060203,2006020300,,,,20060203,2006020300,20060301,2006030100,20060202,2006020200,20060201,2006020100,20060107,2006010700,20060301,2006030100, , ,20060203,2006020300,6.8,5.9,,2.8,8.654,0.006,736.7,,4.2,0,0,,,,,,,,,,,,,
2019-11-13 12:00,상주하수,47A0011,1,36.4229,128.187579,20060203,2006020300,,,,20060203,2006020300,20060301,2006030100,20060202,2006020200,20060201,2006020100,20060107,2006010700,20060301,2006030100, , ,20060203,2006020300,6.8,6.1,,2.9,9.101,0.007,738.3,,4.2,0,0,,,,,,,,,,,,,
2019-11-14 12:00,상주하수,47A0011,1,36.4229,128.187579,20060203,2006020300,,,,20060203,2006020300,20060301,2006030100,20060202,2006020200,20060201,2006020100,20060107,2006010700,20060301,2006030100, , ,20060203,2006020300,6.8,6.2,,3,8.95,0.008,683.3,,4.2,0,0,,,,,,,,,,,,,
2019-11-15 12:00,상주하수,47A0011,1,36.4229,128.187579,20060203,2006020300,,,,20060203,2006020300,20060301,2006030100,20060202,2006020200,20060201,2006020100,20060107,2006010700,20060301,2006030100, , ,20060203,2006020300,6.9,6.4,,3,9.71,0.009,715.8,,4.2,0,0,,,,,,,,,,,,,
2019-11-16 12:00,상주하수,47A0011,1,36.4229,128.187579,20060203,2006020300,,,,20060203,2006020300,20060301,2006030100,20060202,2006020200,20060201,2006020100,20060107,2006010700,20060301,2006030100, , ,20060203,2006020300,6.9,6.6,,2.8,9.424,0.008,722.5,,4.2,0,0,,,,,,,,,,,,,
2019-11-17 12:00,상주하수,47A0011,1,36.4229,128.187579,20060203,2006020300,,,,20060203,2006020300,20060301,2006030100,20060202,2006020200,20060201,2006020100,20060107,2006010700,20060301,2006030100, , ,20060203,2006020300,6.8,6.6,,2.8,9.874,0.008,816.7,,4.2,0,0,,,,,,,,,,,,,
2019-11-18 12:00,상주하수,47A0011,1,36.4229,128.187579,20060203,2006020300,,,,20060203,2006020300,20060301,2006030100,20060202,2006020200,20060201,2006020100,20060107,2006010700,20060301,2006030100, , ,20060203,2006020300,6.8,6.4,,2.9,9.64,0.008,852.1,,4.2,0,0,,,,,,,,,,,,,
2019-11-19 12:00,상주하수,47A0011,1,36.4229,128.187579,20060203,2006020300,,,,20060203,2006020300,20060301,2006030100,20060202,2006020200,20060201,2006020100,20060107,2006010700,20060301,2006030100, , ,20060203,2006020300,6.8,6.5,,2.8,9.353,0.008,790.8,,4.2,0,0,,,,,,,,,,,,,
2019-11-20 12:00,상주하수,47A0011,1,36.4229,128.187579,20060203,2006020300,,,,20060203,2006020300,20060301,2006030100,20060202,2006020200,20060201,2006020100,20060107,2006010700,20060301,2006030100, , ,20060203,2006020300,6.8,6.6,,2.7,8.511,0.009,749.2,,4.2,0,0,,,,,,,,,,,,,
2019-11-21 12:00,상주하수,47A0011,1,36.4229,128.187579,20060203,2006020300,,,,20060203,2006020300,20060301,2006030100,20060202,2006020200,20060201,2006020100,20060107,2006010700,20060301,2006030100, , ,20060203,2006020300,,,,,,,,,,,,,,,,,,,,,,,,
2019-11-22 12:00,상주하수,47A0011,1,36.4229,128.187579,20060203,2006020300,,,,20060203,2006020300,20060301,2006030100,20060202,2006020200,20060201,2006020100,20060107,2006010700,20060301,2006030100, , ,20060203,2006020300,6.9,7,,2.9,9.417,0.006,725,,4.2,0,0,,,,,,,,,,,,,
2019-11-23 12:00,상주하수,47A0011,1,36.4229,128.187579,20060203,2006020300,,,,20060203,2006020300,20060301,2006030100,20060202,2006020200,20060201,2006020100,20060107,2006010700,20060301,2006030100, , ,20060203,2006020300,6.9,6.3,,2.8,9.313,0.006,743.8,,4.2,0,0,,,,,,,,,,,,,
2019-11-24 12:00,상주하수,47A0011,1,36.4229,128.187579,20060203,2006020300,,,,20060203,2006020300,20060301,2006030100,20060202,2006020200,20060201,2006020100,20060107,2006010700,20060301,2006030100, , ,20060203,2006020300,6.9,6.5,,2.8,8.932,0.006,764.6,,4.2,0,0,,,,,,,,,,,,,
2019-11-25 12:00,상주하수,47A0011,1,36.4229,128.187579,20060203,2006020300,,,,20060203,2006020300,20060301,2006030100,20060202,2006020200,20060201,2006020100,20060107,2006010700,20060301,2006030100, , ,20060203,2006020300,6.9,6.4,,2.8,8.593,0.006,723.8,,4.2,0,0,,,,,,,,,,,,,
2019-11-26 12:00,상주하수,47A0011,1,36.4229,128.187579,20060203,2006020300,,,,20060203,2006020300,20060301,2006030100,20060202,2006020200,20060201,2006020100,20060107,2006010700,20060301,2006030100, , ,20060203,2006020300,6.9,6.2,,2.8,9.071,0.006,720.8,,4.2,0,0,,,,,,,,,,,,,
2019-11-27 12:00,상주하수,47A0011,1,36.4229,128.187579,20060203,2006020300,,,,20060203,2006020300,20060301,2006030100,20060202,2006020200,20060201,2006020100,20060107,2006010700,20060301,2006030100, , ,20060203,2006020300,6.9,6.1,,2.9,8.601,0.006,731.3,,4.2,0,0,,,,,,,,,,,,,
2019-11-28 12:00,상주하수,47A0011,1,36.4229,128.187579,20060203,2006020300,,,,20060203,2006020300,20060301,2006030100,20060202,2006020200,20060201,2006020100,20060107,2006010700,20060301,2006030100, , ,20060203,2006020300,6.9,6.2,,2.9,8.794,0.006,662.1,,4.2,0,0,,,,,,,,,,,,,
2019-11-29 12:00,상주하수,47A0011,1,36.4229,128.187579,20060203,2006020300,,,,20060203,2006020300,20060301,2006030100,20060202,2006020200,20060201,2006020100,20060107,2006010700,20060301,2006030100, , ,20060203,2006020300,6.9,6.4,,2.9,9.214,0.005,708.3,,4.2,0,0,,,,,,,,,,,,,
2019-11-30 12:00,상주하수,47A0011,1,36.4229,128.187579,20060203,2006020300,,,,20060203,2006020300,20060301,2006030100,20060202,2006020200,20060201,2006020100,20060107,2006010700,20060301,2006030100, , ,20060203,2006020300,6.9,6.3,,2.9,9.468,0.005,717.1,,4.2,0,0,,,,,,,,,,,,,
2019-12-01 12:00,상주하수,47A0011,1,36.4229,128.187579,20060203,2006020300,,,,20060203,2006020300,20060301,2006030100,20060202,2006020200,20060201,2006020100,20060107,2006010700,20060301,2006030100, , ,20060203,2006020300,6.9,6.4,,2.9,9.353,0.005,696.3,,4.2,0,0,,,,,,,,,,,,,
2019-12-02 12:00,상주하수,47A0011,1,36.4229,128.187579,20060203,2006020300,,,,20060203,2006020300,20060301,2006030100,20060202,2006020200,20060201,2006020100,20060107,2006010700,20060301,2006030100, , ,20060203,2006020300,6.8,6.5,,2.8,9.832,0.004,729.6,,4.2,0,0,,,,,,,,,,,,,
2019-12-03 12:00,상주하수,47A0011,1,36.4229,128.187579,20060203,2006020300,,,,20060203,2006020300,20060301,2006030100,20060202,2006020200,20060201,2006020100,20060107,2006010700,20060301,2006030100, , ,20060203,2006020300,6.9,6.6,,2.9,10.23,0.004,690.4,,4.2,0,0,,,,,,,,,,,,,
2019-12-04 12:00,상주하수,47A0011,1,36.4229,128.187579,20060203,2006020300,,,,20060203,2006020300,20060301,2006030100,20060202,2006020200,20060201,2006020100,20060107,2006010700,20060301,2006030100, , ,20060203,2006020300,6.9,6.5,,2.8,9.996,0.005,668.8,,4.2,0,0,,,,,,,,,,,,,
2019-12-05 12:00,상주하수,47A0011,1,36.4229,128.187579,20060203,2006020300,,,,20060203,2006020300,20060301,2006030100,20060202,2006020200,20060201,2006020100,20060107,2006010700,20060301,2006030100, , ,20060203,2006020300,6.9,6.5,,2.8,9.455,0.005,629.6,,4.2,0,0,,,,,,,,,,,,,
2019-12-06 12:00,상주하수,47A0011,1,36.4229,128.187579,20060203,2006020300,,,,20060203,2006020300,20060301,2006030100,20060202,2006020200,20060201,2006020100,20060107,2006010700,20060301,2006030100, , ,20060203,2006020300,,,,,,,,,,,,,,,,,,,,,,,,
2019-12-07 12:00,상주하수,47A0011,1,36.4229,128.187579,20060203,2006020300,,,,20060203,2006020300,20060301,2006030100,20060202,2006020200,20060201,2006020100,20060107,2006010700,20060301,2006030100, , ,20060203,2006020300,6.9,6.5,,2.8,11.729,0.005,651.7,,4.2,0,0,,,,,,,,,,,,,
2019-12-08 12:00,상주하수,47A0011,1,36.4229,128.187579,20060203,2006020300,,,,20060203,2006020300,20060301,2006030100,20060202,2006020200,20060201,2006020100,20060107,2006010700,20060301,2006030100, , ,20060203,2006020300,6.9,7.2,,2.8,11.729,0.005,656.7,,4.2,0,0,,,,,,,,,,,,,
2019-12-09 12:00,상주하수,47A0011,1,36.4229,128.187579,20060203,2006020300,,,,20060203,2006020300,20060301,2006030100,20060202,2006020200,20060201,2006020100,20060107,2006010700,20060301,2006030100, , ,20060203,2006020300,6.9,7.8,,2.8,11.419,0.006,630.4,,4.2,0,0,,,,,,,,,,,,,
2019-12-10 12:00,상주하수,47A0011,1,36.4229,128.187579,20060203,2006020300,,,,20060203,2006020300,20060301,2006030100,20060202,2006020200,20060201,2006020100,20060107,2006010700,20060301,2006030100, , ,20060203,2006020300,6.8,8.1,,2.7,10.382,0.007,728.8,,4.2,0,0,,,,,,,,,,,,,
2019-12-11 12:00,상주하수,47A0011,1,36.4229,128.187579,20060203,2006020300,,,,20060203,2006020300,20060301,2006030100,20060202,2006020200,20060201,2006020100,20060107,2006010700,20060301,2006030100, , ,20060203,2006020300,6.8,7.4,,2.7,10.743,0.007,740,,4.2,0,0,,,,,,,,,,,,,
2019-12-12 12:00,상주하수,47A0011,1,36.4229,128.187579,20060203,2006020300,,,,20060203,2006020300,20060301,2006030100,20060202,2006020200,20060201,2006020100,20060107,2006010700,20060301,2006030100, , ,20060203,2006020300,6.8,7.4,,2.7,10.59,0.007,722.5,,4.2,0,0,,,,,,,,,,,,,
2019-12-13 12:00,상주하수,47A0011,1,36.4229,128.187579,20060203,2006020300,,,,20060203,2006020300,20060301,2006030100,20060202,2006020200,20060201,2006020100,20060107,2006010700,20060301,2006030100, , ,20060203,2006020300,6.8,7.2,,2.7,10.164,0.007,694.6,,4.2,0,0,,,,,,,,,,,,,
2019-12-14 12:00,상주하수,47A0011,1,36.4229,128.187579,20060203,2006020300,,,,20060203,2006020300,20060301,2006030100,20060202,2006020200,20060201,2006020100,20060107,2006010700,20060301,2006030100, , ,20060203,2006020300,6.8,7.4,,2.7,10.26,0.008,720,,4.2,0,0,,,,,,,,,,,,,
2019-12-15 12:00,상주하수,47A0011,1,36.4229,128.187579,20060203,2006020300,,,,20060203,2006020300,20060301,2006030100,20060202,2006020200,20060201,2006020100,20060107,2006010700,20060301,2006030100, , ,20060203,2006020300,6.8,7.5,,2.7,10.034,0.007,692.9,,4.2,0,0,,,,,,,,,,,,,
2019-12-16 12:00,상주하수,47A0011,1,36.4229,128.187579,20060203,2006020300,,,,20060203,2006020300,20060301,2006030100,20060202,2006020200,20060201,2006020100,20060107,2006010700,20060301,2006030100, , ,20060203,2006020300,6.8,7.5,,2.7,11.182,0.008,745.4,,4.2,0,0,,,,,,,,,,,,,
2019-12-17 12:00,상주하수,47A0011,1,36.4229,128.187579,20060203,2006020300,,,,20060203,2006020300,20060301,2006030100,20060202,2006020200,20060201,2006020100,20060107,2006010700,20060301,2006030100, , ,20060203,2006020300,6.8,7.4,,2.7,9.935,0.011,680,,4.2,0,0,,,,,,,,,,,,,
2019-12-18 12:00,상주하수,47A0011,1,36.4229,128.187579,20060203,2006020300,,,,20060203,2006020300,20060301,2006030100,20060202,2006020200,20060201,2006020100,20060107,2006010700,20060301,2006030100, , ,20060203,2006020300,6.8,6.8,,2.9,7.209,0.041,703.3,,4.2,0,0,,,,,,,,,,,,,
2019-12-19 12:00,상주하수,47A0011,1,36.4229,128.187579,20060203,2006020300,,,,20060203,2006020300,20060301,2006030100,20060202,2006020200,20060201,2006020100,20060107,2006010700,20060301,2006030100, , ,20060203,2006020300,6.8,6.8,,2.9,7.15,0.044,692.1,,4.2,0,0,,,,,,,,,,,,,
2019-12-20 12:00,상주하수,47A0011,1,36.4229,128.187579,20060203,2006020300,,,,20060203,2006020300,20060301,2006030100,20060202,2006020200,20060201,2006020100,20060107,2006010700,20060301,2006030100, , ,20060203,2006020300,6.8,6.8,,2.9,7.218,0.029,673.8,,4.2,0,0,,,,,,,,,,,,,
2019-12-21 12:00,상주하수,47A0011,1,36.4229,128.187579,20060203,2006020300,,,,20060203,2006020300,20060301,2006030100,20060202,2006020200,20060201,2006020100,20060107,2006010700,20060301,2006030100, , ,20060203,2006020300,6.8,6.4,,2.9,7.301,0.04,648.3,,4.2,0,0,,,,,,,,,,,,,
2019-12-22 12:00,상주하수,47A0011,1,36.4229,128.187579,20060203,2006020300,,,,20060203,2006020300,20060301,2006030100,20060202,2006020200,20060201,2006020100,20060107,2006010700,20060301,2006030100, , ,20060203,2006020300,6.8,6.5,,2.9,7.137,0.038,642.1,,4.2,0,0,,,,,,,,,,,,,
2019-12-23 12:00,상주하수,47A0011,1,36.4229,128.187579,20060203,2006020300,,,,20060203,2006020300,20060301,2006030100,20060202,2006020200,20060201,2006020100,20060107,2006010700,20060301,2006030100, , ,20060203,2006020300,6.7,6.2,,2.9,7.546,0.038,651.7,,4.2,0,0,,,,,,,,,,,,,
2019-12-24 12:00,상주하수,47A0011,1,36.4229,128.187579,20060203,2006020300,,,,20060203,2006020300,20060301,2006030100,20060202,2006020200,20060201,2006020100,20060107,2006010700,20060301,2006030100, , ,20060203,2006020300,6.8,6.3,,2.9,7.602,0.021,634.6,,4.2,0,0,,,,,,,,,,,,,
2019-12-25 12:00,상주하수,47A0011,1,36.4229,128.187579,20060203,2006020300,,,,20060203,2006020300,20060301,2006030100,20060202,2006020200,20060201,2006020100,20060107,2006010700,20060301,2006030100, , ,20060203,2006020300,6.8,6.5,,2.9,7.63,0.039,642.5,,4.2,0,0,,,,,,,,,,,,,
2019-12-26 12:00,상주하수,47A0011,1,36.4229,128.187579,20060203,2006020300,,,,20060203,2006020300,20060301,2006030100,20060202,2006020200,20060201,2006020100,20060107,2006010700,20060301,2006030100, , ,20060203,2006020300,6.7,6.8,,2.9,7.513,0.037,625.8,,4.2,0,0,,,,,,,,,,,,,
2019-12-27 12:00,상주하수,47A0011,1,36.4229,128.187579,20060203,2006020300,,,,20060203,2006020300,20060301,2006030100,20060202,2006020200,20060201,2006020100,20060107,2006010700,20060301,2006030100, , ,20060203,2006020300,6.7,7,,2.9,7.75,0.041,640,,4.2,0,0,,,,,,,,,,,,,
2019-12-28 12:00,상주하수,47A0011,1,36.4229,128.187579,20060203,2006020300,,,,20060203,2006020300,20060301,2006030100,20060202,2006020200,20060201,2006020100,20060107,2006010700,20060301,2006030100, , ,20060203,2006020300,6.8,7.3,,2.9,7.64,0.053,627.5,,4.2,0,0,,,,,,,,,,,,,
2019-12-29 12:00,상주하수,47A0011,1,36.4229,128.187579,20060203,2006020300,,,,20060203,2006020300,20060301,2006030100,20060202,2006020200,20060201,2006020100,20060107,2006010700,20060301,2006030100, , ,20060203,2006020300,,,,,,,,,,,,,,,,,,,,,,,,
2019-12-30 12:00,상주하수,47A0011,1,36.4229,128.187579,20060203,2006020300,,,,20060203,2006020300,20060301,2006030100,20060202,2006020200,20060201,2006020100,20060107,2006010700,20060301,2006030100, , ,20060203,2006020300,,,,,,,,,,,,,,,,,,,,,,,,
2019-12-31 12:00,상주하수,47A0011,1,36.4229,128.187579,20060203,2006020300,,,,20060203,2006020300,20060301,2006030100,20060202,2006020200,20060201,2006020100,20060107,2006010700,20060301,2006030100, , ,20060203,2006020300,6.6,7.5,,3,8.008,0.068,643.8,,4.2,0,0,,,,,,,,,,,,,
