Date Time,pH,COD,SS,TN,TP
2017-01-01 12:00,6.9,12.2,8.2,16.533,2.937
2017-01-02 12:00,6.3,16.1,8.2,11.791,4.031
2017-01-03 12:00,6.2,13.2,5.3,17.82,3.24
2017-01-04 12:00,6.3,13.4,5.3,17.342,2.879
2017-01-05 12:00,6.4,13.1,5.3,15.26,2.095
2017-01-06 12:00,6.4,12.2,5.3,13.57,1.678
2017-01-07 12:00,6.6,10.4,4.3,11.576,1.291
2017-01-08 12:00,6.9,10.7,22.2,13.987,1.126
2017-01-09 12:00,6.5,10.8,3.7,8.55,1.81
2017-01-10 12:00,6.2,11.4,4.6,11.661,2.036
2017-01-11 12:00,6.2,9.8,4.6,9.28,1.745
2017-01-12 12:00,6.4,8.4,4,9.83,1.588
2017-01-13 12:00,6.5,10.4,4.8,17.506,1.502
2017-01-14 12:00,6.6,13.1,4.5,10.892,1.533
2017-01-15 12:00,7,0,0,0,0
2017-01-16 12:00,6.4,11.6,3.4,6.76,1.642
2017-01-17 12:00,6.4,12.3,3.4,14.855,1.399
2017-01-18 12:00,6.5,12.1,3.4,17.185,1.173
2017-01-19 12:00,6.5,13,3.9,18.12,1.082
2017-01-20 12:00,6.3,11.2,4.2,14.009,1.227
2017-01-21 12:00,6.7,11.6,4.5,12.734,1.009
2017-01-22 12:00,6.8,13.8,10.7,14.139,1.022
2017-01-23 12:00,6.4,12.4,4.4,6.497,1.358
2017-01-24 12:00,6.4,12.8,4.1,10.527,1.372
2017-01-25 12:00,6.6,10.2,5,11.497,1.179
2017-01-26 12:00,6.6,19.5,6.4,10.134,1.235
2017-01-27 12:00,6.9,21.6,19.3,8.106,0.945
2017-01-28 12:00,7,0,0,0,0
2017-01-29 12:00,6.9,19.4,4.9,9.954,1.07
2017-01-30 12:00,6.5,21,12.1,7.798,1.186
2017-01-31 12:00,6.3,19.7,8.2,10.608,1.143
2017-02-01 12:00,6.5,23.8,7,16.017,1.016
2017-02-02 12:00,6.6,25.3,6.7,22.136,0.882
2017-02-03 12:00,6.5,24,6.9,21.863,0.751
2017-02-04 12:00,6.7,23.1,6.3,21.828,0.684
2017-02-05 12:00,7,0,0,0,0
2017-02-06 12:00,6.5,17.7,6.2,9.375,0.7
2017-02-07 12:00,6.5,20.8,6.9,15.636,0.847
2017-02-08 12:00,6.5,21.6,6.6,17.027,0.704
2017-02-09 12:00,6.4,19.9,4.2,16.99,0.84
2017-02-10 12:00,6.5,23.1,6.4,12.042,0.753
2017-02-11 12:00,6.7,26.8,6,13.968,0.683
2017-02-12 12:00,6.9,23.6,4.8,13.718,0.546
2017-02-13 12:00,6.5,44.6,5.6,9.004,0.675
2017-02-14 12:00,6.5,25.2,7,11.853,0.676
2017-02-15 12:00,6.5,29,0.4,12.163,0.691
2017-02-16 12:00,6.5,27.3,7.7,18.626,0.793
2017-02-17 12:00,6.6,28.8,6.8,14.957,0.639
2017-02-18 12:00,6.8,26.1,2,12.351,0.573
2017-02-19 12:00,7,0,0,0,0
2017-02-20 12:00,6.5,24.2,6,19.123,0.533
2017-02-21 12:00,6.5,23.4,7.1,12.274,0.566
2017-02-22 12:00,6.5,21.9,6.7,9.982,0.646
2017-02-23 12:00,6.5,21.8,7.5,9.347,0.681
2017-02-24 12:00,6.6,22.1,6.8,5.749,0.532
2017-02-25 12:00,6.6,21.2,6.6,4.877,0.41
2017-02-26 12:00,6.9,24.4,6.7,3.911,0.476
2017-02-27 12:00,6.5,22.1,4.4,4.418,0.622
2017-02-28 12:00,6.4,23.3,7.3,14.218,0.794
2017-03-01 12:00,6.6,23,6.8,16.502,0.589
2017-03-02 12:00,6.5,22.5,7.5,9.16,0.859
2017-03-03 12:00,6.5,28.5,2.9,8.652,0.746
2017-03-04 12:00,6.8,28.3,7.3,9.4,0.533
2017-03-05 12:00,7,0,0,0,0
2017-03-06 12:00,6.6,26.5,6.1,4.673,0.588
2017-03-07 12:00,6.5,28.9,2.8,8.542,0.527
2017-03-08 12:00,6.6,25.3,6.5,8.117,0.304
2017-03-09 12:00,6.4,23.8,5,7.974,0.344
2017-03-10 12:00,6.6,28.9,7.1,10.258,0.28
2017-03-11 12:00,6.7,32.2,6.8,9.685,0.347
2017-03-12 12:00,7,31.2,7.1,7.292,0.535
2017-03-13 12:00,6.6,29.4,7.3,3.947,0.358
2017-03-14 12:00,6.5,30,7.1,8.941,0.373
2017-03-15 12:00,6.6,29.2,7.4,9.569,0.344
2017-03-16 12:00,6.6,26.7,7.4,8.336,0.364
2017-03-17 12:00,6.6,30.7,8.6,9.177,0.304
2017-03-18 12:00,6.7,30.4,7.5,7.142,0.315
2017-03-19 12:00,6.9,27.9,7.3,5.902,0.274
2017-03-20 12:00,6.6,28.3,7.2,3.683,0.38
2017-03-21 12:00,6.6,28.7,7.1,6.957,0.456
2017-03-22 12:00,6.6,23.5,6.1,8.399,0.422
2017-03-23 12:00,6.5,15.3,7,9.949,0.508
2017-03-24 12:00,6.4,17.6,6.5,9.273,0.506
2017-03-25 12:00,6.5,18.6,6.7,10.694,0.459
2017-03-26 12:00,6.8,17.2,6.8,10.567,0.455
2017-03-27 12:00,6.6,18.5,7,5.869,0.466
2017-03-28 12:00,6.6,18.4,6.7,7.973,0.386
2017-03-29 12:00,6.5,18.5,6.3,7.104,0.364
2017-03-30 12:00,6.5,19.4,6.6,7.217,0.393
2017-03-31 12:00,6.5,20,6.9,8.298,0.384
2017-04-01 12:00,6.7,22.1,7.1,12.718,0.418
2017-04-02 12:00,6.8,25,7.6,17.277,0.665
2017-04-03 12:00,6.5,21.9,6.9,11.919,0.531
2017-04-04 12:00,6.5,19.6,6.5,12.21,0.418
2017-04-05 12:00,6.3,18.7,6.6,11.594,0.377
2017-04-06 12:00,6.4,20.5,6.6,10.46,0.345
2017-04-07 12:00,6.5,22,7,15.683,0.348
2017-04-08 12:00,6.8,26.9,6.8,17.236,0.568
2017-04-09 12:00,6.9,22.9,7.6,16.025,0.772
2017-04-10 12:00,6.6,24.4,7.1,9.067,0.636
2017-04-11 12:00,6.6,28.6,7.5,20.253,0.59
2017-04-12 12:00,6.5,24.2,7.4,13.747,0.411
2017-04-13 12:00,6.6,24,7.2,11.561,0.434
2017-04-14 12:00,6.5,23.3,6.5,6.016,0.384
2017-04-15 12:00,6.7,19.9,6.5,4.765,0.42
2017-04-16 12:00,6.9,21.7,7,4.442,0.508
2017-04-17 12:00,6.5,21.5,6.5,3.652,0.623
2017-04-18 12:00,6.4,20.6,7.2,9.44,0.973
2017-04-19 12:00,6.5,21.8,7.2,8.967,1.112
2017-04-20 12:00,6.6,25.8,6.6,7.909,1.181
2017-04-21 12:00,6.6,24.1,7.1,7.993,1.203
2017-04-22 12:00,6.7,23.7,6.5,7.312,0.872
2017-04-23 12:00,6.6,23.4,6.5,4.736,1.143
2017-04-24 12:00,6.6,23.5,6.5,3.68,1.378
2017-04-25 12:00,6.6,24.4,6.6,9.117,1.45
2017-04-26 12:00,6.5,24.9,6.7,9.682,1.303
2017-04-27 12:00,6.5,25.1,7.8,8.192,1.606
2017-04-28 12:00,6.5,25.8,7.1,7.978,1.954
2017-04-29 12:00,6.7,26.3,7.1,9.713,3.018
2017-04-30 12:00,6.8,24.8,7.9,6.543,1.429
2017-05-01 12:00,6.5,26.8,7,4.702,1.238
2017-05-02 12:00,6.4,25.5,7,11.073,2.197
2017-05-03 12:00,6.5,25.9,7.3,9.331,2.37
2017-05-04 12:00,6.5,25.9,7.7,7.361,1.809
2017-05-05 12:00,6.4,28.2,7.7,8.849,2.321
2017-05-06 12:00,6.7,28,8.5,9.788,1.536
2017-05-07 12:00,6.8,28.6,7.5,6.802,1.776
2017-05-08 12:00,6.6,29,8.3,4.249,1.994
2017-05-09 12:00,6.5,26.8,8,7.75,1.653
2017-05-10 12:00,6.6,22.6,7.5,5.432,0.943
2017-05-11 12:00,6.7,22.1,7.2,5.558,1.191
2017-05-12 12:00,6.6,25.3,6.6,4.442,0.821
2017-05-13 12:00,6.8,27.6,7.5,6.344,1.414
2017-05-14 12:00,7,27.3,7,6.434,1.536
2017-05-15 12:00,6.6,24.4,7.1,5.027,1.581
2017-05-16 12:00,6.6,24.9,7.2,7.454,2.267
2017-05-17 12:00,6.6,24.7,8.3,5.181,2.646
2017-05-18 12:00,6.6,34.8,7.6,3.557,2.449
2017-05-19 12:00,6.6,20.7,7.6,8.998,1.926
2017-05-20 12:00,6.7,20.5,8.9,4.175,1.85
2017-05-21 12:00,7,12.4,8,4.279,2.036
2017-05-22 12:00,6.6,27,11,5.393,2.88
2017-05-23 12:00,6.6,23.4,9.1,11.73,2.134
2017-05-24 12:00,6.7,22.5,9,9.962,1.149
2017-05-25 12:00,6.7,27.9,9.5,11.368,1.272
2017-05-26 12:00,6.7,25.6,9.7,8.548,0.986
2017-05-27 12:00,6.8,22.7,9.9,10.461,1.142
2017-05-28 12:00,7,22.3,10.2,10.277,1.054
2017-05-29 12:00,6.7,25.1,10.2,10.277,1.054
2017-05-30 12:00,6.7,25.1,10.2,10.277,1.054
2017-05-31 12:00,6.6,25.1,17,8.889,1.281
2017-06-01 12:00,6.3,25.1,12.9,10.115,2.273
2017-06-02 12:00,6.5,25.1,12.2,12.802,2.136
2017-06-03 12:00,6.7,25.1,11,14.968,1.219
2017-06-04 12:00,6.8,25.1,8,14.466,1.261
2017-06-05 12:00,6.3,25.1,11.9,5.844,2.231
2017-06-06 12:00,6.1,25.1,13.1,6.635,2.272
2017-06-07 12:00,6.2,25.1,8.5,5.791,2.169
2017-06-08 12:00,6.2,25.1,15.6,7.245,2.257
2017-06-09 12:00,6.7,25.1,16.3,10.539,1.858
2017-06-10 12:00,7.1,25.1,15.8,11.788,1.371
2017-06-11 12:00,7,25.1,13.6,12.291,1.138
2017-06-12 12:00,6.5,25.1,14.1,7.82,1.998
2017-06-13 12:00,6.4,25.1,19.1,12.178,1.493
2017-06-14 12:00,6.4,25.1,19.2,14.416,1.946
2017-06-15 12:00,6.9,25.1,18,20.166,1.34
2017-06-16 12:00,6.8,25.1,16.7,17.628,1.197
2017-06-17 12:00,6.6,25.1,17.1,15.306,1.038
2017-06-18 12:00,6.9,25.1,16.5,14.925,1.556
2017-06-19 12:00,6.4,25.1,20,10.565,2.016
2017-06-20 12:00,6.1,25.1,18.1,16.282,1.483
2017-06-21 12:00,6.6,25.1,22.5,18.897,1.057
2017-06-22 12:00,6.5,25.1,15.9,20.636,1.074
2017-06-23 12:00,6.5,25.1,19.5,21.549,1.092
2017-06-24 12:00,6.8,25.1,16.9,21.512,1.195
2017-06-25 12:00,6.9,25.1,14.7,21.487,1.211
2017-06-26 12:00,6.9,25.1,18.3,18.535,2.62
2017-06-27 12:00,6.9,25.1,18.7,21.38,2.599
2017-06-28 12:00,6.8,25.1,19,20.373,1.997
2017-06-29 12:00,6.4,25.1,15.8,20.522,2.063
2017-06-30 12:00,6.3,25.1,15.6,18.642,1.817
2017-07-01 12:00,6.5,11,15.8,19.323,1.915
2017-07-02 12:00,6.5,9.4,14,17.911,2.068
2017-07-03 12:00,6.7,11.8,16,12.346,2.273
2017-07-04 12:00,7.2,11.5,17.2,18.655,1.482
2017-07-05 12:00,6.8,14.5,14.5,22.431,1.214
2017-07-06 12:00,6.7,16.6,14.8,18.624,0.979
2017-07-07 12:00,6.8,17.6,14.2,18.338,0.992
2017-07-08 12:00,6.8,17.4,12.3,17.264,0.875
2017-07-09 12:00,6.4,19.9,11.8,16.105,0.786
2017-07-10 12:00,6.7,18.8,12,15.349,0.983
2017-07-11 12:00,6.9,19.9,12.1,18.219,0.768
2017-07-12 12:00,6.9,19.6,12.1,18.508,0.603
2017-07-13 12:00,6.7,25.1,11.1,18.97,0.693
2017-07-14 12:00,6.7,20.7,12.1,11.309,0.635
2017-07-15 12:00,6.9,20.2,12,14.923,0.516
2017-07-16 12:00,7,21.4,11.8,13.32,0.602
2017-07-17 12:00,6.8,24.8,12.8,10.354,0.699
2017-07-18 12:00,6.4,23.2,12.2,13.003,0.515
2017-07-19 12:00,6.4,23.2,12.4,15.017,0.464
2017-07-20 12:00,6.5,23.2,11.9,17.456,0.442
2017-07-21 12:00,6.4,15.9,9.6,14.067,0.404
2017-07-22 12:00,6.4,11.5,9.5,16.094,0.485
2017-07-23 12:00,6.5,9.7,8.3,15.175,0.511
2017-07-24 12:00,6.5,10.5,8.9,9.338,1.419
2017-07-25 12:00,6.5,10.2,10.1,11.365,1.272
2017-07-26 12:00,6.8,10.7,9.8,13.486,0.711
2017-07-27 12:00,6.6,10.9,10,13.379,0.873
2017-07-28 12:00,6.8,9.4,10.2,13.532,1.394
2017-07-29 12:00,7,9.7,9.5,12.532,0.911
2017-07-30 12:00,6.7,9.5,8.4,12.167,0.963
2017-07-31 12:00,6.5,12.5,10.2,5.995,2.559
2017-08-01 12:00,6.9,12.3,9.9,10.032,2.082
2017-08-02 12:00,6.5,11.9,10.1,11.537,1.749
2017-08-03 12:00,6.8,11.2,9.2,12.026,1.06
2017-08-04 12:00,6.7,10.6,10.1,13.153,0.624
2017-08-05 12:00,6.8,10.6,10.2,15.383,0.458
2017-08-06 12:00,6.9,12.9,9.3,16.768,0.549
2017-08-07 12:00,6.7,11.9,10.7,8.125,0.92
2017-08-08 12:00,6.8,12,10.3,13.35,0.557
2017-08-09 12:00,6.6,11.7,9.8,14.674,0.615
2017-08-10 12:00,6.6,11.2,10.1,13.454,0.533
2017-08-11 12:00,6.7,12.6,9.9,13.443,0.43
2017-08-12 12:00,7,14.2,8.6,12.438,0.528
2017-08-13 12:00,7,11.2,8.7,11.832,0.66
2017-08-14 12:00,6.5,13.6,9.8,4.519,0.785
2017-08-15 12:00,6.6,12.6,9.8,7.901,1.113
2017-08-16 12:00,6.5,11.3,10,8.438,1.372
2017-08-17 12:00,6.6,13.3,9.6,10.635,0.951
2017-08-18 12:00,6.5,13.3,10.2,11.588,1.004
2017-08-19 12:00,6.7,12.1,9.4,10.464,0.751
2017-08-20 12:00,6.9,12.7,8.2,11.199,0.918
2017-08-21 12:00,6.6,12.2,8.6,11.16,1.31
2017-08-22 12:00,6.5,11.8,10,8.927,1.514
2017-08-23 12:00,7.2,11.2,10,9.617,0.836
2017-08-24 12:00,6.6,11.3,9.9,11.565,0.666
2017-08-25 12:00,6.8,11.1,13,11.243,0.507
2017-08-26 12:00,6.9,12.4,8.4,10.461,0.65
2017-08-27 12:00,7,12.4,8.7,12.46,1.216
2017-08-28 12:00,6.6,11.6,10.6,7.091,1.565
2017-08-29 12:00,6.7,13.1,10.1,10.68,1.07
2017-08-30 12:00,6.6,13.5,9.6,10.332,0.634
2017-08-31 12:00,6.7,12.6,9.4,11.94,0.558
2017-09-01 12:00,6.6,13.1,9.2,11.223,0.508
2017-09-02 12:00,6.8,13.7,12.3,9.886,0.415
2017-09-03 12:00,6.9,11.9,7.9,10.534,0.398
2017-09-04 12:00,6.6,11.9,9.3,5.912,0.645
2017-09-05 12:00,6.7,11.7,11.5,9.747,0.687
2017-09-06 12:00,6.6,9.4,9.7,11.433,0.555
2017-09-07 12:00,6.5,10.4,9.4,12.733,0.299
2017-09-08 12:00,6.6,11,9,14.062,0.245
2017-09-09 12:00,6.8,11.5,9.4,13.859,0.376
2017-09-10 12:00,7,0,0,0,0
2017-09-11 12:00,6.5,11.2,9.3,6.902,0.656
2017-09-12 12:00,6.5,10.6,6.9,12.133,0.6
2017-09-13 12:00,6.6,12.5,5.9,13.034,0.532
2017-09-14 12:00,6.7,12,6.1,13.711,0.349
2017-09-15 12:00,6.5,12.1,6.2,13.525,0.405
2017-09-16 12:00,7.1,11.8,5.9,14.537,0.384
2017-09-17 12:00,6.9,13,5.8,14.511,0.387
2017-09-18 12:00,6.7,12.8,6.4,8.939,0.743
2017-09-19 12:00,6.4,12.8,6.3,12.91,0.668
2017-09-20 12:00,6.4,13.4,6.2,15.124,0.436
2017-09-21 12:00,6.6,14.3,5.9,11.777,0.247
2017-09-22 12:00,6.6,15.5,5.9,18.146,0.197
2017-09-23 12:00,6.8,14.5,16.9,19.781,0.215
2017-09-24 12:00,6.9,14.9,9.2,18.351,0.299
2017-09-25 12:00,6.6,18.9,9.6,11.105,0.481
2017-09-26 12:00,6.6,14.6,9.3,15.615,0.264
2017-09-27 12:00,6.6,13.8,9.1,17.552,0.369
2017-09-28 12:00,6.7,14,6.4,14.613,0.305
2017-09-29 12:00,6.6,13.7,5.8,13.7,0.362
2017-09-30 12:00,6.9,13.3,5.3,13.821,0.255
2017-10-01 12:00,6.6,14.6,4.8,15.568,0.174
2017-10-02 12:00,6.6,15.7,5.1,15.569,0.214
2017-10-03 12:00,6.9,14.8,5.5,16.266,0.205
2017-10-04 12:00,7,16.7,5.4,15.898,0.259
2017-10-05 12:00,6.9,15.4,14,11.268,0.318
2017-10-06 12:00,6.6,15.8,8.8,8.211,0.482
2017-10-07 12:00,7,16.6,5.8,13.28,0.225
2017-10-08 12:00,6.9,14.8,6,12.891,0.276
2017-10-09 12:00,6.6,16.4,6.4,10.403,0.367
2017-10-10 12:00,6.5,17.1,5.8,22.153,0.211
2017-10-11 12:00,6.6,17.1,5.4,20.922,0.228
2017-10-12 12:00,6.5,17.1,5.2,19.203,0.164
2017-10-13 12:00,6.6,17.9,5.3,19.467,0.175
2017-10-14 12:00,6.9,17.9,4.8,20.477,0.144
2017-10-15 12:00,6.8,19.4,4.4,20.862,0.222
2017-10-16 12:00,6.7,18.4,5,17.714,0.23
2017-10-17 12:00,6.6,17.8,7.3,22.359,0.315
2017-10-18 12:00,6.7,18.2,5.4,21.526,0.218
2017-10-19 12:00,6.7,17,6.8,22.751,0.258
2017-10-20 12:00,6.8,15.4,5.2,24.065,0.263
2017-10-21 12:00,6.9,15.8,5.8,25.324,0.237
2017-10-22 12:00,6.8,15.8,5.5,24.468,0.311
2017-10-23 12:00,6.6,15,5.9,17.176,0.593
2017-10-24 12:00,6.8,15.4,6.3,18.451,0.485
2017-10-25 12:00,6.8,15.4,5.6,18.951,0.297
2017-10-26 12:00,6.7,14.6,5.8,16.866,0.22
2017-10-27 12:00,6.8,13.9,5.9,21.128,0.308
2017-10-28 12:00,6.9,13.7,5.9,22.701,0.289
2017-10-29 12:00,6.9,14.9,5.1,22.456,0.317
2017-10-30 12:00,6.7,15.4,6.3,21.332,0.395
2017-10-31 12:00,6.5,15.5,6,24.33,0.341
2017-11-01 12:00,6.7,14.4,5.8,24.472,0.254
2017-11-02 12:00,6.7,14.1,6.1,24.333,0.151
2017-11-03 12:00,6.6,12.9,6.2,22.834,0.211
2017-11-04 12:00,6.8,14.3,6.7,32.8,0.219
2017-11-05 12:00,6.3,14.4,5.2,16.443,0.502
2017-11-06 12:00,6.7,14.4,6.2,12.623,0.774
2017-11-07 12:00,6.4,12.8,6.3,18.874,0.571
2017-11-08 12:00,6.6,12.1,6.6,19.206,0.515
2017-11-09 12:00,6.7,11.7,6.5,20.074,0.543
2017-11-10 12:00,6.7,12.8,9.8,18.705,0.564
2017-11-11 12:00,6.9,14.2,5.1,15.82,0.356
2017-11-12 12:00,7,10.8,4.4,18.172,0.44
2017-11-13 12:00,6.9,14,6.2,9.427,0.605
2017-11-14 12:00,6.7,13.5,6.4,15.673,0.609
2017-11-15 12:00,7,13.7,6.1,16.985,0.593
2017-11-16 12:00,6.7,13,5.5,18.091,0.34
2017-11-17 12:00,6.6,12.6,5.9,19.487,0.225
2017-11-18 12:00,6.6,11.7,5.3,19.652,0.226
2017-11-19 12:00,6.7,11.3,5.1,16.629,0.255
2017-11-20 12:00,6.6,10.6,11.9,9.12,0.363
2017-11-21 12:00,6.8,10.2,13.4,12.934,0.518
2017-11-22 12:00,6.7,13,6.1,13.094,0.896
2017-11-23 12:00,6.6,14.7,6.3,20.524,0.294
2017-11-24 12:00,6.6,13.7,6,19.997,0.193
2017-11-25 12:00,6.7,12.8,5.6,22.742,0.177
2017-11-26 12:00,7,0,0,0,0
2017-11-27 12:00,6.8,14.6,8.4,15.588,0.399
2017-11-28 12:00,6.5,13.9,8.3,15.037,0.588
2017-11-29 12:00,6.5,13.9,8.3,15.037,0.588
2017-11-30 12:00,6.5,13.9,8.3,15.037,0.588
2017-12-01 12:00,6.5,13.9,8.3,15.037,0.588
2017-12-02 12:00,6.5,13.9,8.3,15.037,0.588
2017-12-03 12:00,6.5,13.9,8.3,15.037,0.588
2017-12-04 12:00,6.5,13.9,8.3,15.037,0.588
2017-12-05 12:00,6.5,13.9,8.3,15.037,0.588
2017-12-06 12:00,6.5,13.9,8.3,15.037,0.588
2017-12-07 12:00,6.5,13.9,8.3,15.037,0.588
2017-12-08 12:00,6.5,13.9,8.2,15.017,0.585
2017-12-09 12:00,6.7,13.9,8.2,15.013,0.584
2017-12-10 12:00,6.7,13.9,8.2,15.013,0.584
2017-12-11 12:00,6.5,13.9,8.2,15.013,0.584
2017-12-12 12:00,6.6,13.9,8.2,15.013,0.584
2017-12-13 12:00,6.5,13.9,8.2,15.013,0.584
2017-12-14 12:00,6.6,13.9,8.2,15.013,0.584
2017-12-15 12:00,6.5,13.9,8.2,15.013,0.584
2017-12-16 12:00,6.7,13.9,8.2,15.013,0.584
2017-12-17 12:00,6.8,13.9,8.2,15.013,0.584
2017-12-18 12:00,6.6,13.9,8.2,15.013,0.584
2017-12-19 12:00,6.5,13.9,8.2,15.013,0.584
2017-12-20 12:00,6.5,13.9,8.2,15.013,0.584
2017-12-21 12:00,6.5,13.9,8.2,15.013,0.584
2017-12-22 12:00,6.5,13.9,8.2,15.013,0.584
2017-12-23 12:00,6.6,13.9,8.2,15.013,0.584
2017-12-24 12:00,6.8,13.9,8.2,15.013,0.584
2017-12-25 12:00,6.6,13.9,8.2,15.013,0.584
2017-12-26 12:00,6.5,13.9,8.2,15.013,0.584
2017-12-27 12:00,6.5,13.9,8.2,15.013,0.584
2017-12-28 12:00,6.6,13.9,8.2,15.013,0.584
2017-12-29 12:00,7,17.6,7.3,20.083,0.268
2017-12-30 12:00,7,18.1,7.2,23.889,0.268
2017-12-31 12:00,6.8,18.3,7.3,13.718,0.308
2018-01-01 12:00,6.6,18.2,7.6,9.436,0.305
2018-01-02 12:00,6.9,18.9,7.4,20.037,0.381
2018-01-03 12:00,6.8,19.8,7.5,16.169,0.302
2018-01-04 12:00,6.7,17.5,7.8,13.886,0.308
2018-01-05 12:00,6.7,18.4,8.4,15.044,0.297
2018-01-06 12:00,6.9,17.8,7.8,17.153,0.261
2018-01-07 12:00,7,16.9,6.3,17.048,0.223
2018-01-08 12:00,7.1,18,7.6,13.943,0.252
2018-01-09 12:00,6.9,18.6,7.5,22.862,0.227
2018-01-10 12:00,6.8,18.6,8.2,19.807,0.318
2018-01-11 12:00,6.7,19.4,8.2,16.352,0.214
2018-01-12 12:00,6.8,19.3,7.6,19.472,0.244
2018-01-13 12:00,6.9,20.2,8.3,24.376,0.159
2018-01-14 12:00,7,20.4,7.3,21.583,0.163
2018-01-15 12:00,6.8,18.9,7.7,15.025,0.467
2018-01-16 12:00,7,17.5,8.5,19.083,0.23
2018-01-17 12:00,6.9,17.3,8,21.221,0.19
2018-01-18 12:00,6.7,15.7,8.1,17.472,0.217
2018-01-19 12:00,6.8,16,7.6,18.509,0.217
2018-01-20 12:00,6.8,16.5,7.4,18.36,0.205
2018-01-21 12:00,6.9,17,6.7,15.797,0.187
2018-01-22 12:00,6.6,17.6,7.7,15.184,0.246
2018-01-23 12:00,6.4,17.3,7.2,18.622,0.181
2018-01-24 12:00,6.5,17.8,7.5,20.262,0.165
2018-01-25 12:00,6.4,16.5,8.2,20.627,0.159
2018-01-26 12:00,6.6,18.6,6.7,22.279,0.155
2018-01-27 12:00,6.9,17.7,6.3,23.578,0.176
2018-01-28 12:00,6.8,17.4,6.5,20.64,0.18
2018-01-29 12:00,6.4,16.3,6.7,11.818,0.179
2018-01-30 12:00,6.4,16.5,6.8,17.061,0.153
2018-01-31 12:00,6.3,16.8,6.6,18.501,0.144
2018-02-01 12:00,6.7,17.7,6.8,18.251,0.153
2018-02-02 12:00,6.6,16.7,6.9,20.363,0.146
2018-02-03 12:00,6.9,18.4,5.8,23.705,0.117
2018-02-04 12:00,6.9,18.9,6.7,18.458,0.135
2018-02-05 12:00,6.6,19.2,6.9,12.628,0.146
2018-02-06 12:00,6.4,17.4,6.6,13.448,0.157
2018-02-07 12:00,6.3,19.2,6.6,19.657,0.167
2018-02-08 12:00,6.4,18.3,6.8,14.93,0.103
2018-02-09 12:00,6.5,21.3,7.2,15.651,0.14
2018-02-10 12:00,6.8,21.8,7.8,10.022,0.165
2018-02-11 12:00,6.9,22.2,7.4,9.716,0.203
2018-02-12 12:00,6.6,20.4,6.5,4.477,0.246
2018-02-13 12:00,6.5,20.2,6.8,7.619,0.215
2018-02-14 12:00,6.7,14.9,7,12.318,0.162
2018-02-15 12:00,6.9,12.4,7.9,11.293,0.173
2018-02-16 12:00,6.8,13.5,6.6,10.027,0.168
2018-02-17 12:00,6.8,8.2,7.2,7.134,0.181
2018-02-18 12:00,6.8,13.7,7.2,6.111,0.614
2018-02-19 12:00,6.6,14.5,7.3,3.212,0.198
2018-02-20 12:00,6.6,13.7,7.5,9.937,0.233
2018-02-21 12:00,6.7,14.7,6.8,9.363,0.174
2018-02-22 12:00,6.5,18.9,7.4,9.355,0.178
2018-02-23 12:00,6.7,21.4,7.4,14.4,0.175
2018-02-24 12:00,6.9,22.1,7.4,13.153,0.15
2018-02-25 12:00,6.9,22.6,7.7,12.017,0.171
2018-02-26 12:00,6.6,18.7,8.5,7.488,0.185
2018-02-27 12:00,6.7,27.8,8.1,7.997,0.232
2018-02-28 12:00,6.5,21.6,7.9,9.899,0.35
2018-03-01 12:00,6.7,23.1,6.6,11.746,0.286
2018-03-02 12:00,6.5,24,7.7,12.359,0.287
2018-03-03 12:00,6.9,24.9,6.2,14.377,0.22
2018-03-04 12:00,6.9,26.6,6.3,15.322,0.236
2018-03-05 12:00,6.7,23.4,8.2,10.066,0.327
2018-03-06 12:00,6.5,22.5,8.2,9.409,0.318
2018-03-07 12:00,6.5,22.9,7.7,13.427,0.329
2018-03-08 12:00,6.6,22.3,7.2,15.831,0.308
2018-03-09 12:00,6.5,19.2,8.1,12.68,0.349
2018-03-10 12:00,6.9,16.9,7,12.823,0.423
2018-03-11 12:00,6.9,17.3,7,10.497,0.266
2018-03-12 12:00,6.3,18.7,7.5,4.994,0.271
2018-03-13 12:00,6.8,25.9,8,14.131,0.261
2018-03-14 12:00,6.5,22.5,8.5,13.7,0.233
2018-03-15 12:00,6.5,22.5,9.3,16.543,0.225
2018-03-16 12:00,6.5,19.7,7.2,17.998,0.236
2018-03-17 12:00,6.9,13.5,7.7,19.341,0.234
2018-03-18 12:00,6.9,13.4,7.8,18.267,0.238
2018-03-19 12:00,6.6,15.9,9.9,11.167,0.376
2018-03-20 12:00,6.6,15.2,7.8,15.178,0.265
2018-03-21 12:00,6.7,15.2,6.9,19.446,0.233
2018-03-22 12:00,6.6,15.3,7.5,18.163,0.218
2018-03-23 12:00,6.8,18.3,7.9,18.712,0.189
2018-03-24 12:00,7,0,0,0,0
2018-03-25 12:00,6.9,14.7,6.4,18.883,0.241
2018-03-26 12:00,6.6,18.5,7.8,16.6,0.249
2018-03-27 12:00,6.5,17.8,8.2,17.126,0.216
2018-03-28 12:00,6.6,17.4,6.6,17.88,0.264
2018-03-29 12:00,6.6,24.9,8.4,18.322,0.269
2018-03-30 12:00,6.5,26.7,7.5,19.619,0.292
2018-03-31 12:00,7,25.8,6.9,20.374,0.254
2018-04-01 12:00,6.9,26.5,8.4,19.893,0.276
2018-04-02 12:00,6.7,32.5,9.5,20.482,0.361
2018-04-03 12:00,6.5,26.5,8.7,18.375,0.255
2018-04-04 12:00,6.4,27,8.5,15.354,0.261
2018-04-05 12:00,6.5,27.2,8.7,13.774,0.29
2018-04-06 12:00,6.6,26.7,8.3,16.627,0.314
2018-04-07 12:00,7,0,0,0,0
2018-04-08 12:00,6.9,21.5,7.7,17.815,0.384
2018-04-09 12:00,6.5,25.6,9.5,17.349,0.469
2018-04-10 12:00,6.7,25.3,8.3,20.578,0.354
2018-04-11 12:00,6.6,23.2,8.5,19.747,0.341
2018-04-12 12:00,6.7,20.5,7.6,16.214,0.358
2018-04-13 12:00,6.6,20.9,8.2,16.821,0.346
2018-04-14 12:00,6.9,19.9,7.7,17.491,0.336
2018-04-15 12:00,7,20.2,7.3,17.054,0.321
2018-04-16 12:00,6.6,20.9,8.3,13.918,0.699
2018-04-17 12:00,6.6,22.7,7.7,19.527,0.404
2018-04-18 12:00,6.5,20.2,7.3,20.776,0.321
2018-04-19 12:00,6.5,20.7,7.2,24.471,0.328
2018-04-20 12:00,6.6,22,7.3,23.784,0.326
2018-04-21 12:00,6.8,22,7.3,21.78,0.309
2018-04-22 12:00,7,0,0,0,0
2018-04-23 12:00,6.5,22.2,7.8,19.616,0.546
2018-04-24 12:00,6.6,22.5,8.2,22.988,0.5
2018-04-25 12:00,6.7,24.3,8.4,25.118,0.393
2018-04-26 12:00,6.6,23.7,7.7,20.747,0.388
2018-04-27 12:00,6.6,24,9.9,19.575,0.399
2018-04-28 12:00,6.8,23.1,11,19.786,0.349
2018-04-29 12:00,6.9,24.3,6.8,19.396,0.366
2018-04-30 12:00,6.5,24.5,8.8,15.196,0.546
2018-05-01 12:00,6.4,23.7,11.2,20.795,0.514
2018-05-02 12:00,6.5,25,8.7,24.899,0.404
2018-05-03 12:00,6.6,24.6,7.8,25.919,0.355
2018-05-04 12:00,6.4,24.4,8,24.907,0.327
2018-05-05 12:00,6.8,25.2,7.4,26.005,0.375
2018-05-06 12:00,6.9,26,7.4,25.815,0.377
2018-05-07 12:00,6.5,25.1,7.6,26.934,0.391
2018-05-08 12:00,6.5,25,7.7,25.555,0.313
2018-05-09 12:00,6.6,26.7,7.6,26.957,0.317
2018-05-10 12:00,6.6,21.4,7.9,27.461,0.361
2018-05-11 12:00,6.8,16.3,8.1,31.838,0.45
2018-05-12 12:00,7,17.8,8.3,36.194,0.588
2018-05-13 12:00,7,18.8,8.9,36.851,0.549
2018-05-14 12:00,6.6,17.4,8.7,22.614,0.768
2018-05-15 12:00,6.4,16.3,8.4,23.793,0.619
2018-05-16 12:00,6.4,18.4,8.8,22.125,0.686
2018-05-17 12:00,6.6,18.7,9.4,22.449,0.507
2018-05-18 12:00,6.5,18.8,9.7,22.29,0.446
2018-05-19 12:00,6.6,19.9,10.4,22.207,0.537
2018-05-20 12:00,6.9,20.2,9.3,21.651,0.652
2018-05-21 12:00,6.5,22.2,10.9,23.539,0.741
2018-05-22 12:00,6.3,22.6,11.6,21.811,0.724
2018-05-23 12:00,6.5,22.1,9.9,21.887,0.449
2018-05-24 12:00,6.5,21.6,10.6,20.196,0.406
2018-05-25 12:00,6.5,22.5,11.1,22.966,0.349
2018-05-26 12:00,6.7,22.2,10.5,23.74,0.375
2018-05-27 12:00,7,22,10.2,24.067,0.416
2018-05-28 12:00,6.7,23.8,11.1,24.186,0.649
2018-05-29 12:00,6.7,9.1,11.3,24.472,0.73
2018-05-30 12:00,6.5,10.8,10.5,22.387,0.519
2018-05-31 12:00,6.4,13.5,10.5,22.387,0.519
2018-06-01 12:00,6.5,17.2,10.5,25.244,0.519
2018-06-02 12:00,6.8,16.9,10.5,28.31,0.519
2018-06-03 12:00,6.9,16.8,10.5,25.836,0.519
2018-06-04 12:00,6.5,20.9,10.5,22.537,0.519
2018-06-05 12:00,6.6,21.2,10.5,29.56,0.519
2018-06-06 12:00,6.4,19.3,10.5,29.296,0.519
2018-06-07 12:00,6.7,20.2,10.5,33.203,0.519
2018-06-08 12:00,6.7,19.5,10.5,32.449,0.519
2018-06-09 12:00,6.9,21.7,10.5,36.87,0.519
2018-06-10 12:00,6.9,21.5,10.5,33.18,0.519
2018-06-11 12:00,6.5,23,10.5,25.314,0.519
2018-06-12 12:00,6.3,19.3,10.5,23.951,0.519
2018-06-13 12:00,6.5,14.1,10.5,27.326,0.519
2018-06-14 12:00,6.7,14.8,10.5,19.114,0.333
2018-06-15 12:00,6.8,18.9,10.5,19.114,0.333
2018-06-16 12:00,6.8,17,10.5,19.114,0.333
2018-06-17 12:00,6.9,14.9,10.5,19.114,0.333
2018-06-18 12:00,6.3,16.6,10.5,19.114,0.333
2018-06-19 12:00,6.4,16.2,10.5,19.114,0.333
2018-06-20 12:00,6.3,17,10.5,19.114,0.333
2018-06-21 12:00,6.3,16.5,10.5,19.114,0.333
2018-06-22 12:00,6.3,16.2,10.5,19.114,0.333
2018-06-23 12:00,6.4,16.1,10.5,19.114,0.333
2018-06-24 12:00,6.8,23.7,10.5,19.114,0.333
2018-06-25 12:00,6.5,19.9,10.5,19.114,0.333
2018-06-26 12:00,6.4,19.2,10.5,19.114,0.333
2018-06-27 12:00,6.5,18.9,10.5,19.114,0.333
2018-06-28 12:00,6.4,19.9,10.5,19.114,0.333
2018-06-29 12:00,6.5,19.5,10.5,19.114,0.333
2018-06-30 12:00,6.6,21,10.5,19.163,0.331
2018-07-01 12:00,6.8,21.1,11,19.178,0.331
2018-07-02 12:00,6.4,23.4,11.4,19.178,0.331
2018-07-03 12:00,6.2,22.5,10.1,19.178,0.331
2018-07-04 12:00,6.4,21.2,10.5,19.178,0.331
2018-07-05 12:00,6.4,22.4,13.5,19.178,0.331
2018-07-06 12:00,6.5,27.3,10.6,19.178,0.331
2018-07-07 12:00,6.7,25.2,11.5,19.178,0.331
2018-07-08 12:00,6.8,27.5,10.6,19.178,0.331
2018-07-09 12:00,6.4,25.7,10,19.178,0.331
2018-07-10 12:00,6.3,25,11.9,19.178,0.331
2018-07-11 12:00,6.2,19.2,10.3,19.178,0.331
2018-07-12 12:00,6.2,20.7,11.2,19.178,0.331
2018-07-13 12:00,6.2,22,12.2,19.178,0.331
2018-07-14 12:00,6.2,21.5,11.9,35.84,0.77
2018-07-15 12:00,6.7,20.9,11,31.179,0.921
2018-07-16 12:00,6.3,19.6,10.9,30.366,1.032
2018-07-17 12:00,6.6,21.9,11.4,32.583,1.052
2018-07-18 12:00,6.4,22.5,11.4,27.886,1.211
2018-07-19 12:00,6.6,19.3,12.2,25.919,1.073
2018-07-20 12:00,6.3,22.8,12.4,27.335,0.841
2018-07-21 12:00,6.4,24.3,12.9,28.401,0.885
2018-07-22 12:00,6.4,22.6,12.6,25.774,0.928
2018-07-23 12:00,6.3,25.5,12.7,27.305,1.386
2018-07-24 12:00,6.3,25.3,11.7,30.991,0.935
2018-07-25 12:00,6.1,25.6,13.2,29.091,1.039
2018-07-26 12:00,6.3,21.7,10.4,28.959,0.922
2018-07-27 12:00,6.2,19.9,11,30.685,1.121
2018-07-28 12:00,6.6,21.5,10.6,30.031,2.225
2018-07-29 12:00,6.9,20.9,11.1,28.758,2.684
2018-07-30 12:00,6.4,24.8,14.3,17.028,5.921
2018-07-31 12:00,6.3,25.2,14.8,21.653,5.682
2018-08-01 12:00,6.4,25.8,16.2,25.639,3.985
2018-08-02 12:00,6.3,30.9,13.1,25.893,3.034
2018-08-03 12:00,6.4,43.4,11.8,26.684,2.849
2018-08-04 12:00,6.5,49.5,9.5,26.079,2.248
2018-08-05 12:00,6.8,51.8,9,24.978,2.464
2018-08-06 12:00,6.4,54.4,13.1,26.116,4.304
2018-08-07 12:00,6.3,25.4,13.7,26.078,4.758
2018-08-08 12:00,6.2,13.8,12.6,25.427,3.377
2018-08-09 12:00,6.5,14.8,12.6,25.427,3.377
2018-08-10 12:00,6.4,15.6,10.3,25.058,2.817
2018-08-11 12:00,6.6,15.4,8.2,26.508,2.306
2018-08-12 12:00,6.6,14.6,6.8,22.409,2.672
2018-08-13 12:00,6.4,14.7,9.6,15.164,4.311
2018-08-14 12:00,6.3,17.9,9.9,22.272,3.222
2018-08-15 12:00,6.4,15.2,8.3,22.811,2.167
2018-08-16 12:00,6.3,15.6,7.8,28.858,2.33
2018-08-17 12:00,6.5,17.6,7.5,25.169,2.279
2018-08-18 12:00,6.8,18.6,7.3,24.779,1.985
2018-08-19 12:00,6.8,19.6,6.5,24.189,1.878
2018-08-20 12:00,6.4,20.7,8.3,21.155,2.826
2018-08-21 12:00,6.4,20.2,9.1,21.771,2.424
2018-08-22 12:00,6.5,21.6,8.4,23.107,2.187
2018-08-23 12:00,6.5,19.2,7.9,23.802,1.564
2018-08-24 12:00,6.4,17.9,7.6,22.369,1.909
2018-08-25 12:00,6.6,22.2,6.6,21.524,1.781
2018-08-26 12:00,6.7,18.4,8.1,16.822,1.926
2018-08-27 12:00,6.3,20.2,8.8,12.884,2.711
2018-08-28 12:00,6.3,20.8,7.8,12.795,1.793
2018-08-29 12:00,6.5,24.6,7.8,17.202,1.325
2018-08-30 12:00,6.5,20.2,7.6,19.95,1.041
2018-08-31 12:00,6.5,21.8,7.7,23.811,0.768
2018-09-01 12:00,6.5,19.2,7.7,22.74,0.769
2018-09-02 12:00,6.8,21.8,7.7,21.15,0.894
2018-09-03 12:00,6.3,22.3,7.7,17.839,1.495
2018-09-04 12:00,6.3,19,7.2,18.234,1.013
2018-09-05 12:00,7.3,6.1,6,17.653,1.096
2018-09-06 12:00,6.7,6.5,6.4,30.451,1.18
2018-09-07 12:00,6.7,7.3,5.2,26.346,0.937
2018-09-08 12:00,6.9,7.5,4.9,28.831,0.77
2018-09-09 12:00,7,0,0,0,0
2018-09-10 12:00,6.4,7.8,6.1,16.399,1.554
2018-09-11 12:00,6.6,8.3,4.8,24.182,1.117
2018-09-12 12:00,6.6,8.4,4,26.018,0.623
2018-09-13 12:00,6.7,9,4.8,26.172,0.95
2018-09-14 12:00,6.6,8.3,4.1,31.841,0.728
2018-09-15 12:00,6.6,8.7,4.1,26.674,0.485
2018-09-16 12:00,6.9,9.3,4.5,23.46,0.559
2018-09-17 12:00,6.4,9.8,5,18.372,0.983
2018-09-18 12:00,6.5,11.1,5.5,23.697,0.879
2018-09-19 12:00,6.4,10.8,4.1,25.434,0.54
2018-09-20 12:00,6.5,10.1,3.8,28.758,0.55
2018-09-21 12:00,6.4,10.6,3.8,34.888,0.414
2018-09-22 12:00,7,0,0,0,0
2018-09-23 12:00,6.9,11,3.4,30.966,0.746
2018-09-24 12:00,7,0,0,0,0
2018-09-25 12:00,6.9,15,6.7,31.996,1.074
2018-09-26 12:00,6.4,16.1,8.3,34.591,1.041
2018-09-27 12:00,6.4,10.9,4.7,40.537,0.622
2018-09-28 12:00,6.6,10.7,3.9,34.609,0.538
2018-09-29 12:00,6.9,10,2.8,34.925,0.509
2018-09-30 12:00,6.9,10.9,2.7,34.144,0.62
2018-10-01 12:00,6.5,13,4.9,31.385,1.005
2018-10-02 12:00,6.4,12.4,3.6,36.899,0.934
2018-10-03 12:00,6.4,14.3,3.9,36.653,1.293
2018-10-04 12:00,6.6,15.4,3.4,34.115,0.931
2018-10-05 12:00,7.5,15.2,3.9,33.402,1.014
2018-10-06 12:00,6.6,17.1,3.6,33.387,0.702
2018-10-07 12:00,6.9,13.7,2.9,32.168,0.621
2018-10-08 12:00,6.7,16.8,5.1,28.337,0.683
2018-10-09 12:00,6.4,16.7,3.8,31.877,0.525
2018-10-10 12:00,6.5,16.4,3.8,34.824,0.363
2018-10-11 12:00,6.4,17.5,3.5,34.991,0.333
2018-10-12 12:00,6.6,14.5,3.2,33.868,0.347
2018-10-13 12:00,6.9,14,2.3,33.365,0.265
2018-10-14 12:00,6.9,20.2,7.3,33.982,1.284
2018-10-15 12:00,6.7,17.3,5.6,26.664,0.506
2018-10-16 12:00,6.6,17.4,3.6,33.135,0.394
2018-10-17 12:00,6.5,14.4,4.7,33.319,0.379
2018-10-18 12:00,6.6,10,6.6,34.002,0.466
2018-10-19 12:00,6.5,10.9,7.4,31.511,0.412
2018-10-20 12:00,6.9,12.4,7.3,31.71,0.424
2018-10-21 12:00,6.9,13,8.5,31.972,0.468
2018-10-22 12:00,6.7,14.1,11.9,28.219,0.648
2018-10-23 12:00,6.6,10.2,8.7,32.121,0.433
2018-10-24 12:00,6.6,12.6,8.6,35.53,0.426
2018-10-25 12:00,6.4,13,8.5,38.448,0.373
2018-10-26 12:00,6.8,12.9,8.5,40.742,0.547
2018-10-27 12:00,6.9,12.9,8,41.584,0.639
2018-10-28 12:00,6.7,12.9,5,41.556,0.58
2018-10-29 12:00,6.7,12.9,12.1,36.176,0.529
2018-10-30 12:00,6.8,11.4,9.1,37.691,0.513
2018-10-31 12:00,6.6,10,8.1,40.135,0.576
2018-11-01 12:00,6.8,10.5,9.8,38.793,0.772
2018-11-02 12:00,7,11.4,9.4,37.553,0.574
2018-11-03 12:00,7,11.9,8.7,38.643,0.582
2018-11-04 12:00,7,12.7,6.5,35.8,0.593
2018-11-05 12:00,6.7,14.6,12.6,29.947,0.711
2018-11-06 12:00,6.6,11.9,7.8,35.374,0.408
2018-11-07 12:00,6.7,11.5,7.6,37.059,0.399
2018-11-08 12:00,6.7,9.7,8.2,31.466,0.422
2018-11-09 12:00,6.5,10.1,8.2,32.636,0.389
2018-11-10 12:00,6.7,6.8,6.7,34.281,0.363
2018-11-11 12:00,6.8,6.6,8.6,31.655,0.466
2018-11-12 12:00,6.4,7.2,11.3,25.889,0.58
2018-11-13 12:00,6.8,7.3,9.1,32.625,0.562
2018-11-14 12:00,6.5,11,8.7,35.88,0.492
2018-11-15 12:00,7,12.9,8.8,34.119,0.459
2018-11-16 12:00,6.4,14.3,7.7,33.942,0.42
2018-11-17 12:00,6.7,13.9,7.7,31.408,0.441
2018-11-18 12:00,6.9,13.2,7.2,31.743,0.486
2018-11-19 12:00,6.5,14.2,8.9,28.17,0.637
2018-11-20 12:00,6.5,9.5,8.2,28.422,0.33
2018-11-21 12:00,6.6,7.6,6.6,25.58,0.352
2018-11-22 12:00,6.5,9.5,7.6,26.894,0.422
2018-11-23 12:00,6.7,9.8,6.5,31.389,0.413
2018-11-24 12:00,6.9,8.3,5.6,33.682,0.317
2018-11-25 12:00,7,8.7,5.1,35.805,0.437
2018-11-26 12:00,6.6,7.7,7.6,29.527,0.421
2018-11-27 12:00,6.8,8.2,7.5,34.794,0.372
2018-11-28 12:00,6.6,9.1,6.1,32.134,0.324
2018-11-29 12:00,6.6,10.4,6.3,29.974,0.349
2018-11-30 12:00,6.6,10.5,6.5,27.321,0.351
2018-12-01 12:00,6.7,10.2,6.2,28.975,0.379
2018-12-02 12:00,6.9,9.8,4.2,28.32,0.358
2018-12-03 12:00,6.5,11.5,8.6,27.938,0.47
2018-12-04 12:00,6.6,10.3,6.7,29.747,0.361
2018-12-05 12:00,6.7,10.2,5.4,32.749,0.29
2018-12-06 12:00,6.6,8.8,4.3,29.688,0.298
2018-12-07 12:00,6.8,9.2,4,30.899,0.264
2018-12-08 12:00,6.9,9.4,8.9,30.749,0.332
2018-12-09 12:00,6.9,6.3,10.6,30.668,0.339
2018-12-10 12:00,6.4,8.6,4.6,22.264,0.303
2018-12-11 12:00,6.5,9,2.5,27.205,0.299
2018-12-12 12:00,6.7,11.1,3.1,35.707,0.363
2018-12-13 12:00,6.8,12.1,3.2,37.826,0.363
2018-12-14 12:00,6.8,12.4,2.8,38.205,0.368
2018-12-15 12:00,6.9,11.5,4.1,37.827,0.375
2018-12-16 12:00,7,12.5,5.4,35.733,0.412
2018-12-17 12:00,6.6,9.6,2.2,28.808,0.352
2018-12-18 12:00,6.5,8.5,2,28.613,0.321
2018-12-19 12:00,6.6,8.9,2.5,28.91,0.339
2018-12-20 12:00,6.7,10.1,2.9,34.165,0.366
2018-12-21 12:00,6.7,9.1,3.6,35.2,0.303
2018-12-22 12:00,6.9,8.8,4,33.174,0.345
2018-12-23 12:00,7,10.1,5,33.115,0.341
2018-12-24 12:00,6.6,9,2.6,29.542,0.353
2018-12-25 12:00,6.5,8.1,1.6,31.097,0.31
2018-12-26 12:00,6.6,8.4,2.9,33.672,0.257
2018-12-27 12:00,6.6,10.9,5.1,33.881,0.257
2018-12-28 12:00,6.4,9.9,4.8,33.278,0.254
2018-12-29 12:00,6.9,10.9,6.1,33.796,0.269
2018-12-30 12:00,6.9,10.1,9.1,33.494,0.271
2018-12-31 12:00,6.4,9.7,5.1,23.883,0.282
2019-01-01 12:00,6.8,9.8,4.4,26.659,0.289
2019-01-02 12:00,6.6,10.7,5,26.863,0.309
2019-01-03 12:00,6.6,12,5.5,33.865,0.284
2019-01-04 12:00,6.8,13.6,4.7,38.167,0.28
2019-01-05 12:00,6.9,14.1,6.3,34.677,0.262
2019-01-06 12:00,7,13.7,4.4,34.643,0.24
2019-01-07 12:00,6.7,15,6.5,37.351,0.313
2019-01-08 12:00,6.7,14,6.9,33.715,0.32
2019-01-09 12:00,6.5,13.1,8,28.907,0.3
2019-01-10 12:00,6.7,14.9,9.9,31.758,0.325
2019-01-11 12:00,6.6,14.9,11.5,29.605,0.324
2019-01-12 12:00,7,13.4,9.7,26.754,0.298
2019-01-13 12:00,7,0,0,0,0
2019-01-14 12:00,6.6,15.2,11.1,28.247,0.364
2019-01-15 12:00,6.5,13.6,9.7,31.252,0.312
2019-01-16 12:00,6.6,14.3,11,33.031,0.289
2019-01-17 12:00,6.7,14.6,8.5,32.982,0.311
2019-01-18 12:00,6.6,13,7.3,30.772,0.282
2019-01-19 12:00,6.8,12.3,8.5,29.104,0.291
2019-01-20 12:00,6.9,12.6,7.6,29.522,0.26
2019-01-21 12:00,6.4,12.4,10,24.648,0.292
2019-01-22 12:00,6.5,11.5,9.6,26.579,0.29
2019-01-23 12:00,6.7,12.2,10.2,29.993,0.3
2019-01-24 12:00,6.7,11.8,9.5,28.407,0.312
2019-01-25 12:00,6.6,15.7,9,26.7,0.355
2019-01-26 12:00,7,12.1,10.2,27.489,0.344
2019-01-27 12:00,7,11.9,13.1,28.092,0.328
2019-01-28 12:00,6.6,11,8.8,13.888,0.361
2019-01-29 12:00,6.5,11.6,7.8,17.631,0.349
2019-01-30 12:00,6.6,13.7,9.3,24.693,0.361
2019-01-31 12:00,6.8,13.5,8.7,27.853,0.364
2019-02-01 12:00,6.8,13.6,9,32.077,0.344
2019-02-02 12:00,6.9,12.8,9.3,29.894,0.31
2019-02-03 12:00,6.9,12.3,9.6,26.979,0.327
2019-02-04 12:00,7,11.9,7.8,28.568,0.3
2019-02-05 12:00,6.9,11.8,13.8,27.094,0.275
2019-02-06 12:00,6.6,12.9,11.8,19.584,0.337
2019-02-07 12:00,6.6,12.3,10,22.232,0.405
2019-02-08 12:00,6.6,9.6,10.1,23.313,0.351
2019-02-09 12:00,7,12.3,9.6,26.562,0.372
2019-02-10 12:00,7,10.5,9.4,27.042,0.331
2019-02-11 12:00,6.7,13.8,11.1,28.493,0.411
2019-02-12 12:00,6.7,13.7,11,31.926,0.356
2019-02-13 12:00,6.8,14.7,10.1,31.746,0.354
2019-02-14 12:00,6.8,14.7,11.4,30.543,0.368
2019-02-15 12:00,6.8,15.8,10.8,31.967,0.38
2019-02-16 12:00,7,16,9.4,30.318,0.417
2019-02-17 12:00,7,15.7,8.7,30.994,0.417
2019-02-18 12:00,6.8,15,11,24.566,0.431
2019-02-19 12:00,6.9,14.8,11.9,28.456,0.434
2019-02-20 12:00,6.7,13.2,11.7,20.983,0.382
2019-02-21 12:00,6.8,11.2,11.9,20.954,0.42
2019-02-22 12:00,6.8,8.3,12.6,27.482,0.422
2019-02-23 12:00,7,8,13.1,29.587,0.403
2019-02-24 12:00,7,6.6,9.6,28.855,0.404
2019-02-25 12:00,6.9,9.4,19,26.34,0.809
2019-02-26 12:00,6.8,11,14.8,28.126,0.474
2019-02-27 12:00,6.7,8.6,11.5,23.068,0.393
2019-02-28 12:00,6.8,9,10.6,25.766,0.396
2019-03-01 12:00,6.8,11.3,10.3,29.055,0.383
2019-03-02 12:00,6.9,13.3,10.9,31.065,0.403
2019-03-03 12:00,7,12.2,10.1,30.832,0.372
2019-03-04 12:00,6.7,22.8,10.7,24.503,0.355
2019-03-05 12:00,6.7,20.3,9.1,22.755,0.353
2019-03-06 12:00,6.7,9.2,9,24.609,0.353
2019-03-07 12:00,6.8,9.4,9.2,27.95,0.349
2019-03-08 12:00,6.7,8.4,8.5,25.269,0.312
2019-03-09 12:00,7,9.5,9.5,26.216,0.363
2019-03-10 12:00,7,8.3,8.6,27.903,0.346
2019-03-11 12:00,6.7,10.7,8.3,26.404,0.329
2019-03-12 12:00,6.7,8.4,7.5,27.29,0.298
2019-03-13 12:00,6.4,7.2,7.2,22.588,0.288
2019-03-14 12:00,6.7,9.1,8.5,26.911,0.294
2019-03-15 12:00,6.6,7.3,8.5,26.41,0.285
2019-03-16 12:00,6.7,6.4,10.1,24.217,0.336
2019-03-17 12:00,6.9,6.3,8.4,20.679,0.276
2019-03-18 12:00,6.5,6.3,10.6,16.964,0.344
2019-03-19 12:00,6.5,4.7,10.6,20.702,0.276
2019-03-20 12:00,6.6,4.4,11.3,23.837,0.344
2019-03-21 12:00,6.6,3.8,10.5,24.687,0.32
2019-03-22 12:00,6.6,11.6,9.3,26.245,0.324
2019-03-23 12:00,6.9,18.2,8.4,25.686,0.301
2019-03-24 12:00,6.9,17.1,14.9,25.346,0.309
2019-03-25 12:00,6.4,18.8,9.6,19.712,0.306
2019-03-26 12:00,6.6,19,10.8,25.436,0.366
2019-03-27 12:00,6.7,21.3,11.2,30.141,0.34
2019-03-28 12:00,6.7,19.9,13.6,27.672,0.414
2019-03-29 12:00,6.8,19.1,11.5,30.404,0.357
2019-03-30 12:00,7,19.5,13.1,30.457,0.404
2019-03-31 12:00,7,18.2,10.4,31.273,0.374
2019-04-01 12:00,6.8,17.1,10.7,27.298,0.352
2019-04-02 12:00,6.8,15.6,11,27.265,0.354
2019-04-03 12:00,6.8,18,11.6,27.594,0.373
2019-04-04 12:00,6.7,19.8,11.4,27.007,0.375
2019-04-05 12:00,6.7,18.6,11.4,26.026,0.37
2019-04-06 12:00,6.9,19.7,11.1,27.536,0.363
2019-04-07 12:00,7,18.9,11.1,28.203,0.359
2019-04-08 12:00,6.7,18.6,12.4,22.206,0.36
2019-04-09 12:00,6.6,17.1,11.7,24.256,0.338
2019-04-10 12:00,6.7,16.7,10.2,24.765,0.337
2019-04-11 12:00,6.6,15,11.4,24.694,0.336
2019-04-12 12:00,6.6,15.3,11.9,26.881,0.313
2019-04-13 12:00,6.8,14.5,10.2,26.006,0.286
2019-04-14 12:00,6.9,13.1,9.4,24.963,0.306
2019-04-15 12:00,6.4,13.5,12.6,19.881,0.362
2019-04-16 12:00,6.6,12.7,12.9,23.806,0.3
2019-04-17 12:00,6.6,12.2,13.8,23.956,0.288
2019-04-18 12:00,6.8,14.5,11,27.255,0.328
2019-04-19 12:00,6.7,14.8,11.2,25.668,0.348
2019-04-20 12:00,6.9,14.5,11.9,26.385,0.367
2019-04-21 12:00,6.9,14.1,12.6,25.86,0.325
2019-04-22 12:00,6.7,14.7,13.3,23.138,0.412
2019-04-23 12:00,6.7,14.8,12.7,24.729,0.435
2019-04-24 12:00,6.8,14.3,11.8,29.066,0.445
2019-04-25 12:00,6.7,12.4,11.1,25.187,0.352
2019-04-26 12:00,6.7,12.1,11.4,22.987,0.311
2019-04-27 12:00,6.9,12.2,11.4,23.144,0.319
2019-04-28 12:00,6.8,11.6,13.4,20.75,0.329
2019-04-29 12:00,6.6,11.1,11.8,16.232,0.316
2019-04-30 12:00,6.8,10.9,11.6,22.29,0.298
2019-05-01 12:00,6.8,9.8,11,25.698,0.337
2019-05-02 12:00,6.7,10.9,11.4,29.939,0.318
2019-05-03 12:00,6.7,8.1,12.7,26.497,0.278
2019-05-04 12:00,7,8.5,12,31.266,0.34
2019-05-05 12:00,7,10.9,15.5,29.953,0.382
2019-05-06 12:00,6.8,10.2,13.3,23.109,0.458
2019-05-07 12:00,6.8,9.2,12.9,24.104,0.416
2019-05-08 12:00,6.8,5.6,12.6,21.968,0.355
2019-05-09 12:00,6.8,7.5,14.7,23.594,0.411
2019-05-10 12:00,6.7,6.1,12.1,21.993,0.34
2019-05-11 12:00,6.9,5.7,13,23.078,0.384
2019-05-12 12:00,6.9,16,11.9,21.879,0.472
2019-05-13 12:00,6.6,3.8,13.5,15.322,0.43
2019-05-14 12:00,6.6,1.9,12.5,18.807,0.358
2019-05-15 12:00,6.7,2.3,13.6,22.381,0.428
2019-05-16 12:00,6.7,3.2,13.1,24.494,0.393
2019-05-17 12:00,6.7,6.5,12.8,22.694,0.524
2019-05-18 12:00,6.8,6.2,12.9,24.79,0.553
2019-05-19 12:00,7,6.2,13.9,26.656,0.619
2019-05-20 12:00,6.7,8.4,14.3,24.085,0.639
2019-05-21 12:00,6.7,5.9,14.7,24.457,0.66
2019-05-22 12:00,6.8,5.9,13.4,27.211,0.567
2019-05-23 12:00,6.7,4.8,13.1,26.485,0.502
2019-05-24 12:00,6.7,4.6,14.3,24.802,0.536
2019-05-25 12:00,6.9,5.5,15.5,26.612,0.623
2019-05-26 12:00,6.9,5.7,14.2,24.747,0.622
2019-05-27 12:00,6.6,2.7,13.5,18.612,0.559
2019-05-28 12:00,6.6,2.5,13.4,17.468,0.56
2019-05-29 12:00,6.8,5.8,13.5,24.744,0.571
2019-05-30 12:00,6.8,5.8,13.5,24.744,0.571
2019-05-31 12:00,6.8,9.1,12,27.575,0.642
2019-06-01 12:00,7,14.1,11.1,32.655,0.627
2019-06-02 12:00,7,16.2,13.6,31.303,0.678
2019-06-03 12:00,6.7,12.7,12.3,26.986,0.517
2019-06-04 12:00,6.7,12.2,11,26.783,0.539
2019-06-05 12:00,6.8,11.1,11.5,28.616,0.504
2019-06-06 12:00,6.8,10.5,10.6,31.289,0.505
2019-06-07 12:00,6.8,10.2,10.6,34.208,0.449
2019-06-08 12:00,6.9,9.2,10.6,29.997,0.32
2019-06-09 12:00,6.9,11.7,13.1,28.765,0.523
2019-06-10 12:00,6.5,8,12.2,18.768,0.412
2019-06-11 12:00,6.5,5.8,11.4,23.057,0.343
2019-06-12 12:00,6.6,4.8,11.4,22.255,0.358
2019-06-13 12:00,6.7,8.4,14.5,27.095,0.447
2019-06-14 12:00,6.7,11,13.5,26.29,0.467
2019-06-15 12:00,6.9,10,15.8,27.479,0.522
2019-06-16 12:00,6.9,10.1,15.4,25.997,0.468
2019-06-17 12:00,6.6,9.6,13.4,21.169,0.497
2019-06-18 12:00,6.7,9.1,14.9,23.446,0.437
2019-06-19 12:00,6.8,9.8,12.9,28.882,0.467
2019-06-20 12:00,6.9,10.8,13.6,33.93,0.495
2019-06-21 12:00,6.8,9.5,16.6,37.73,0.501
2019-06-22 12:00,6.9,8.2,14.8,33.313,0.467
2019-06-23 12:00,6.9,10,22.7,30.304,0.661
2019-06-24 12:00,6.5,7,17.4,18.623,0.569
2019-06-25 12:00,6.6,5.8,12.2,23.122,0.459
2019-06-26 12:00,6.7,6.1,13.6,27.119,0.609
2019-06-27 12:00,6.8,8,13.6,31.616,0.585
2019-06-28 12:00,6.7,11.8,20.1,28.722,0.466
2019-06-29 12:00,6.8,11.8,15.2,28.843,0.598
2019-06-30 12:00,7,12,24.8,29.989,0.614
2019-07-01 12:00,6.6,13,17.3,26.554,1.277
2019-07-02 12:00,6.4,11.6,13.8,23.631,0.446
2019-07-03 12:00,6.6,11.8,15.5,25.481,0.497
2019-07-04 12:00,6.5,10.9,16.2,24.361,0.431
2019-07-05 12:00,6.6,11.1,15.1,28.119,0.472
2019-07-06 12:00,6.6,11.4,16.1,31.571,0.486
2019-07-07 12:00,6.3,9.1,13.5,23.996,0.388
2019-07-08 12:00,6.5,8.9,13.6,25.292,0.562
2019-07-09 12:00,6.4,9.8,12.7,25.427,0.6
2019-07-10 12:00,6.5,11.3,12.8,26.171,0.553
2019-07-11 12:00,6.5,11.6,16,26.171,0.553
2019-07-12 12:00,6.5,11.1,14.4,26.171,0.553
2019-07-13 12:00,6.9,10.5,12.8,27.506,0.523
2019-07-14 12:00,6.9,11.3,15.7,27.088,0.607
2019-07-15 12:00,6.6,12.3,17.9,24.008,0.72
2019-07-16 12:00,6.5,12.5,13.9,26.405,0.525
2019-07-17 12:00,6.6,13.1,17.2,25.115,0.696
2019-07-18 12:00,6.7,13.2,16.7,27.114,0.772
2019-07-19 12:00,6.6,11.7,14.7,21.24,0.612
2019-07-20 12:00,6.7,11.9,17.1,29.72,0.982
2019-07-21 12:00,6.8,11.1,12.8,24.089,0.601
2019-07-22 12:00,6.4,8.5,13.1,16.919,0.591
2019-07-23 12:00,6.5,9.8,15.7,22.057,0.499
2019-07-24 12:00,6.6,7.7,16.4,24.938,0.803
2019-07-25 12:00,6.5,4.2,17.5,19.235,0.605
2019-07-26 12:00,6.5,3.9,17.5,21.812,0.952
2019-07-27 12:00,6.9,3.4,17.2,25.813,0.916
2019-07-28 12:00,6.8,2.2,19.4,24.861,0.933
2019-07-29 12:00,6.6,2.8,20.5,22.89,1.028
2019-07-30 12:00,6.5,2.2,18.3,22.756,0.936
2019-07-31 12:00,6.6,2.2,20,22.065,1.086
2019-08-01 12:00,6.6,3.3,21.2,26.092,1.159
2019-08-02 12:00,6.5,1.2,18.7,21.559,0.812
2019-08-03 12:00,6.8,0.3,20.2,22.236,1.36
2019-08-04 12:00,6.9,0,17.2,21.936,1.008
2019-08-05 12:00,6.4,1.5,20.5,15.128,1.571
2019-08-06 12:00,6.5,15,18.8,21.274,1.508
2019-08-07 12:00,6.5,17,18.8,21.53,1.403
2019-08-08 12:00,6.5,15.8,22.5,20.214,1.282
2019-08-09 12:00,6.6,15.9,19.4,22.537,1.286
2019-08-10 12:00,6.9,13.1,16.8,21.745,0.828
2019-08-11 12:00,6.8,14.1,21.2,18.005,1.277
2019-08-12 12:00,6.5,14.7,22.9,17.577,2.056
2019-08-13 12:00,6.5,12.3,18.7,18.932,1.083
2019-08-14 12:00,6.5,12.2,21,19.703,1.327
2019-08-15 12:00,6.4,10.8,19.6,16.973,1.3
2019-08-16 12:00,6.4,9.7,18.9,13.966,1.018
2019-08-17 12:00,6.7,8.8,18.1,14.046,1.023
2019-08-18 12:00,6.9,7.1,18.8,14.492,1.061
2019-08-19 12:00,6.3,8.7,24.6,11.629,1.983
2019-08-20 12:00,6.4,8.1,20.1,15.424,0.994
2019-08-21 12:00,6.5,14.8,22.4,17.761,1.325
2019-08-22 12:00,6.5,19.5,16.7,19.927,1.136
2019-08-23 12:00,6.5,21,18.6,16.093,1.221
2019-08-24 12:00,6.8,22.3,18.8,16.458,0.957
2019-08-25 12:00,6.9,19.7,20.9,18.189,1.482
2019-08-26 12:00,6.5,18.6,19.2,20.176,1.372
2019-08-27 12:00,6.5,18.5,16.6,21.094,0.974
2019-08-28 12:00,6.6,14.7,19.3,22.409,0.882
2019-08-29 12:00,6.6,14.2,17.1,24.056,1.607
2019-08-30 12:00,6.8,16.1,20.3,22.897,1.003
2019-08-31 12:00,6.9,17.1,18.6,21.598,0.915
2019-09-01 12:00,6.9,10.8,20.4,20.88,1.299
2019-09-02 12:00,6.7,13.5,17.6,26.037,2.719
2019-09-03 12:00,6.6,16.3,17.8,21.428,1.511
2019-09-04 12:00,6.6,13.8,15.6,17.112,1.239
2019-09-05 12:00,6.7,10.2,20.2,17.73,1.125
2019-09-06 12:00,6.7,10.7,18,19.637,1.084
2019-09-07 12:00,6.9,11.3,21.5,20.637,0.939
2019-09-08 12:00,6.8,10.3,15.4,18.864,0.87
2019-09-09 12:00,6.4,9.4,18.3,8.412,1.17
2019-09-10 12:00,6.6,8.5,17,19.209,0.82
2019-09-11 12:00,6.9,12,21.3,30.241,1.635
2019-09-12 12:00,7,11.2,15.3,29.085,0.987
2019-09-13 12:00,7,8.6,13.6,27.842,0.942
2019-09-14 12:00,7,9.4,18,27.615,1.09
2019-09-15 12:00,7,11,24,26.767,1.067
2019-09-16 12:00,6.5,11,18.1,23.938,1.55
2019-09-17 12:00,6.5,8.8,21.1,25.08,1.582
2019-09-18 12:00,6.6,11.4,19,24.852,1.17
2019-09-19 12:00,6.5,8.1,16.6,22.311,0.872
2019-09-20 12:00,6.5,7.4,15.1,17.688,0.835
2019-09-21 12:00,6.6,5.6,18.1,18.801,0.663
2019-09-22 12:00,6.5,6.9,17.6,18.339,0.637
2019-09-23 12:00,6.4,5.9,17.6,20.076,0.715
2019-09-24 12:00,6.4,8.3,17.3,24.083,1.03
2019-09-25 12:00,6.6,17.7,15,31.392,0.72
2019-09-26 12:00,6.5,17.5,12.2,25.244,0.414
2019-09-27 12:00,6.6,17.2,12.9,23.419,0.441
2019-09-28 12:00,6.6,16.3,12.9,17.594,0.56
2019-09-29 12:00,6.8,15.4,12.9,17.624,0.728
2019-09-30 12:00,6.5,17.5,12.9,21.433,1.142
2019-10-01 12:00,6.5,16.2,12.9,23.044,0.514
2019-10-02 12:00,6.3,15.6,13.3,20.031,0.467
2019-10-03 12:00,6.5,16.4,12.9,21.516,0.658
2019-10-04 12:00,6.4,15.9,13.6,17.856,0.63
2019-10-05 12:00,6.8,15.4,12.9,19.958,0.536
2019-10-06 12:00,6.9,16.3,12.9,22.723,0.586
2019-10-07 12:00,6.7,16.9,12.9,26.838,0.845
2019-10-08 12:00,6.6,15.5,12.9,20.916,0.565
2019-10-09 12:00,6.6,15.4,12.9,17.731,0.578
2019-10-10 12:00,6.4,14.4,12.9,14.067,0.504
2019-10-11 12:00,6.5,13.6,12.9,13.697,0.489
2019-10-12 12:00,6.9,16.2,16.5,14.646,0.563
2019-10-13 12:00,7,0,0,0,0
2019-10-14 12:00,6.6,16.4,16.9,16.188,0.775
2019-10-15 12:00,6.6,13.6,17.4,16.38,0.54
2019-10-16 12:00,6.5,12.4,17.4,13.842,0.568
2019-10-17 12:00,6.6,11.8,17.4,16.739,0.581
2019-10-18 12:00,6.4,11.3,10.2,16.532,0.513
2019-10-19 12:00,6.7,13.5,7.4,16.558,0.441
2019-10-20 12:00,6.9,16.6,10.6,19.02,0.539
2019-10-21 12:00,6.6,13.9,8.2,20.575,0.77
2019-10-22 12:00,6.4,15.2,8.2,20.402,0.897
2019-10-23 12:00,6.3,14.1,13.1,15.251,0.593
2019-10-24 12:00,6.3,13.6,13.2,12.477,0.562
2019-10-25 12:00,6.6,15.4,15.3,19.456,0.666
2019-10-26 12:00,6.9,14.7,14.1,19.191,0.566
2019-10-27 12:00,6.9,17.5,21.4,19.406,0.735
2019-10-28 12:00,6.5,16.5,14.2,15.6,0.599
2019-10-29 12:00,6.4,15.7,13.2,13.56,0.516
2019-10-30 12:00,6.3,14.6,12.3,11.745,0.653
2019-10-31 12:00,6.4,16.7,12.5,11.861,0.73
2019-11-01 12:00,6.3,15.7,15.8,14.503,0.792
2019-11-02 12:00,6.8,17.4,17,16.231,0.588
2019-11-03 12:00,6.8,21.2,23.8,17.905,0.646
2019-11-04 12:00,6.6,19.6,16.3,16.789,0.717
2019-11-05 12:00,6.4,14.4,14.3,16.73,0.653
2019-11-06 12:00,6.4,9.7,14.2,15.146,0.577
2019-11-07 12:00,6.2,9.5,16.8,14.602,0.557
2019-11-08 12:00,6.5,16,16.8,19.221,0.529
2019-11-09 12:00,6.9,15.1,18.6,19.92,0.457
2019-11-10 12:00,6.7,14.7,25.1,21.18,0.631
2019-11-11 12:00,6.6,13.8,19.7,20.531,0.481
2019-11-12 12:00,6.2,13.5,16.6,17.488,0.44
2019-11-13 12:00,6.4,13.1,17.8,18.907,0.5
2019-11-14 12:00,6.3,13.9,19.5,19.808,1.047
2019-11-15 12:00,6.5,12.2,16.3,18.736,0.445
2019-11-16 12:00,6.7,13.5,22.5,21.826,0.408
2019-11-17 12:00,6.9,13.9,29.8,24.294,0.412
2019-11-18 12:00,6.6,12.3,26.7,23.528,0.4
2019-11-19 12:00,6.4,15.5,20.3,23.182,0.408
2019-11-20 12:00,6.3,23.2,13.9,19.352,0.498
2019-11-21 12:00,6.3,23.2,13.9,19.352,0.498
2019-11-22 12:00,6.5,24.9,17.4,20.025,0.568
2019-11-23 12:00,7,26.3,26.5,24.376,0.783
2019-11-24 12:00,7,26.3,31.6,24.427,0.676
2019-11-25 12:00,6.7,25,19.5,20.716,0.729
2019-11-26 12:00,6.5,25.1,17,20.697,0.618
2019-11-27 12:00,6.5,25.5,16.5,19.41,0.574
2019-11-28 12:00,6.6,25.4,18.2,22,0.579
2019-11-29 12:00,6.7,27,19.5,22.658,0.594
2019-11-30 12:00,6.7,26.8,25.4,21.356,0.541
2019-12-01 12:00,6.9,27.3,20.7,23.801,0.59
2019-12-02 12:00,6.8,19.1,22.8,24.4,0.643
2019-12-03 12:00,6.5,18.1,18.3,19.219,0.428
2019-12-04 12:00,6.4,23.8,15.5,15.968,0.413
2019-12-05 12:00,6.4,26.8,14.7,13.306,0.421
2019-12-06 12:00,6.4,26.8,14.7,13.306,0.421
2019-12-07 12:00,6.4,14.8,13.7,14.559,0.36
2019-12-08 12:00,6.3,13.5,14.2,13.83,0.338
2019-12-09 12:00,6.3,12,14.8,15.087,0.384
2019-12-10 12:00,6.3,12.4,14.7,17.078,0.354
2019-12-11 12:00,6.4,16.3,14,16.717,0.322
2019-12-12 12:00,6.5,25.2,15.5,18.223,0.36
2019-12-13 12:00,6.6,25.8,15.8,15.588,0.388
2019-12-14 12:00,6.4,26.7,19.4,11.631,0.394
2019-12-15 12:00,6.8,26.8,82.7,14.163,0.534
2019-12-16 12:00,6.8,26.8,19.1,17.734,0.509
2019-12-17 12:00,6.5,27.5,14,17.52,0.39
2019-12-18 12:00,6.4,28.8,13,15.019,0.459
2019-12-19 12:00,6.4,26.5,13.6,14.101,0.435
2019-12-20 12:00,6.4,27.2,13.3,14.668,0.425
2019-12-21 12:00,6.8,26.1,15.1,18.326,0.422
2019-12-22 12:00,6.9,28,16.1,20.163,0.56
2019-12-23 12:00,6.5,20.5,14.1,20.969,0.584
2019-12-24 12:00,6.4,11.7,10.9,20.06,0.75
2019-12-25 12:00,6.5,21.9,12,20.865,0.809
2019-12-26 12:00,6.6,21.2,14.4,22.998,0.917
2019-12-27 12:00,6.4,19.8,12,16.132,0.745
2019-12-28 12:00,6.7,19.1,14.2,11.951,0.836
2019-12-29 12:00,6.7,19.1,14.2,11.951,0.836
2019-12-30 12:00,6.7,19.1,14.2,11.951,0.836
2019-12-31 12:00,6.3,17.4,11.5,16.68,0.553
